"# Constructed from biom file"																										
"#OTU ID"	"Tiberias_Pool_09_2017"	"Tiberias_Head_09_2017"	"Tiberias_Pool_09_2018"	"Tiberias_Pool_01_2019"	"Tiberias_Pool_06_2018"	"Tiberias_Pool_01_2018"	"Tiberias_Head_01_2019"	"Tiberias_Head_06_2018"	"Tiberias_Head_01_2018"	"Nur_09_2017"	"Maayan1_09_2017"	"Gesher_hana_09_2017"	"Maayan1_09_2018"	"Gesher_hana_09_2018"	"Ein7_09_2018"	"Maayan1_01_2018"	"Fuliya4_01_2019"	"Ein7_01_2018"	"Gesher_hana_01_2018"	"Fuliya4_09_2017"	"Fuliya4_01_2018"	"Ein7_09_2017"	"Fuliya4_09_2018"	"Maayan1_01_2019"	"Gesher_hana_01_2019"	"Ein7_01_2019"
"e1f8e32835db1e8e6ff038904f79d0c8"	0	0	0	0	0	0	0	0	0	0	0	0	0	0	2	0	0	20	0	0	0	0	0	0	0	79
"9cdf366dad8bcb284b4262284279a022"	0	0	0	0	0	0	0	0	0	0	0	0	0	0	0	0	0	0	0	0	0	0	0	14	21	0
"4182fd6d092d9258de60582bea98e117"	0	0	0	0	0	0	0	0	0	0	0	0	0	0	0	0	0	0	0	0	0	0	43	0	0	0
"bbb6859b6c45fa593ff6a122e9a4c3bf"	0	0	0	0	0	0	0	0	0	0	0	0	0	0	0	0	0	0	0	0	0	0	0	0	85	0
"963540a44cad918f59ec09d52d37de23"	0	0	0	0	0	0	0	0	0	0	0	42	0	0	0	0	0	0	0	0	0	0	0	0	25	0
"0b60c3468174e3c78ca6d8fd75051a60"	0	0	0	0	0	0	0	0	0	0	0	0	0	44	0	0	0	0	0	0	0	0	0	0	0	44
"3a13a4204d7bb7f2d97e7c25e7b13c5e"	0	0	0	0	0	0	0	0	0	0	0	0	4	0	0	0	5	0	0	0	0	0	0	0	79	0
"984295a1dd21314077a52d8ab4a0e393"	0	0	0	0	0	0	0	0	0	0	0	0	0	0	0	0	0	0	0	0	0	0	0	6	0	0
"90c29bd074c1d11043446a13db254404"	0	0	0	0	0	0	0	0	0	0	0	0	0	0	0	0	0	22	0	0	0	0	0	0	0	0
"f39229565ea07934c9037d8b30e00ffa"	0	121	0	0	0	104	0	0	101	0	0	0	0	0	0	0	0	0	0	0	0	0	0	0	0	0
"39d50055e32b014fccd225df722a983a"	0	0	0	0	0	0	0	0	0	0	0	0	14	0	0	0	0	0	0	0	0	0	0	6	0	0
"fdb836ae7865f2c880c9ba14545f8481"	0	81	42	32	240	0	139	0	0	0	0	0	0	0	0	0	0	0	0	0	0	0	0	0	0	0
"5d5f609eb982494411678f82d460f969"	0	0	0	0	0	0	0	0	0	0	0	0	0	0	0	0	0	0	0	0	0	0	0	17	0	0
"e0e9db8440b2655c61b430577a4d7f5c"	0	41	0	0	0	0	0	0	156	0	0	0	0	0	0	0	0	0	0	0	0	0	0	0	0	0
"332c5a25baed8c2a7cffa83139fa8049"	0	0	0	0	0	0	0	0	0	0	0	0	0	0	0	0	0	0	0	0	0	0	1087	0	0	0
"4c6734053abff24dc84cebf880368fb8"	0	0	0	0	0	0	0	0	0	0	0	0	0	0	0	55	0	7	0	0	0	0	0	10	0	142
"3e590843eee0d47b3ba4f43bb7280ce6"	0	0	0	0	0	0	0	0	0	0	0	0	0	40	0	0	0	0	0	0	0	0	0	0	0	69
"a8721a77cb7a43fc7de470a8b6041a49"	0	0	0	0	0	0	0	0	0	0	0	0	0	0	0	0	0	0	0	0	0	0	0	0	23	0
"4bde07fcb31415fcb5b2e1d6ca8a4852"	0	0	0	0	0	0	0	0	0	0	0	28	0	0	0	0	0	0	0	0	0	0	0	0	0	0
"69460f25fda5eef986e0dc2c183795fe"	0	0	0	0	0	0	0	0	0	23	0	0	14	12	0	24	0	0	0	0	0	0	0	11	0	100
"9513c2cbe7e625fba6ae095de41a5b6a"	0	0	0	0	0	0	0	0	0	0	0	0	0	0	0	0	0	0	0	46	16	0	0	0	0	0
"2a202e35f553433bd5db477c438a724c"	0	17	0	0	0	0	0	0	0	0	0	0	0	0	0	0	0	0	0	0	0	0	0	0	0	0
"ac14a4a7579baad25ec33daaa8be97c6"	0	0	0	0	0	0	0	0	0	0	0	0	0	0	0	0	7	21	0	0	0	15	0	24	0	0
"d6f1b4b855580c30ab824723f8061bc5"	0	0	0	0	0	0	0	0	0	0	0	0	0	20	0	0	0	22	0	0	0	0	0	0	16	0
"eed1f14f9634fd782170717e28ea7447"	0	0	0	0	0	0	0	0	0	0	0	0	0	0	0	62	0	0	0	0	0	0	0	0	44	0
"eb08124df285c62e18a9c9221cf9d935"	0	0	0	0	0	0	0	0	0	0	0	577	0	4	0	0	0	0	0	0	0	0	0	0	66	0
"2ec2d305206a75919d0e8c6226c6ec68"	0	0	0	0	0	0	0	0	0	0	0	0	0	0	0	0	0	0	0	0	0	0	0	3	0	0
"89e0ed9c07cf2abe8e45df9e58248f22"	0	0	0	0	0	0	0	0	0	0	0	0	0	0	0	0	0	0	0	0	0	0	0	8	0	0
"7f9209744c7189da991c0b1556ce97f7"	9	0	0	0	0	50	0	0	0	0	0	0	0	0	0	0	0	0	0	0	0	0	0	0	0	0
"9c15e99779628deaedc28373cf992fde"	0	0	0	0	0	0	0	0	0	0	0	0	8	6	0	0	0	0	0	5	2	0	0	0	4	20
"3b8bad26fb59f0b826f093a0251e03e5"	0	0	0	0	0	0	0	0	0	0	0	0	0	0	0	113	0	0	12	0	23	0	0	0	0	0
"506e417e3d23d8757d9a57f9e66a2aad"	0	0	0	0	0	0	0	0	0	0	0	0	0	0	0	0	0	0	0	0	0	0	0	0	5	0
"63143af5e9e4aa784f2f14a0fe54a864"	0	0	0	0	0	0	0	0	0	0	0	0	0	0	0	0	0	0	0	0	4	0	0	0	0	0
"910b80e212e8d7c4b1817a2bbd8bbf7e"	0	0	0	0	0	0	0	0	0	0	0	8	0	0	0	0	0	0	0	0	0	0	0	0	0	0
"3437a8f907b75171637949329d74ac68"	0	0	0	0	0	0	0	0	0	0	4	0	4	0	0	0	0	0	0	0	5	0	0	9	0	0
"44630697e0b5de3c410174a703564c58"	0	0	0	0	0	0	0	0	0	0	0	0	0	0	0	0	36	0	0	0	9	0	109	0	24	0
"37c4bb93000b60e334c5a65c6b9e88c7"	0	0	0	0	0	0	0	0	0	0	0	0	0	0	0	0	0	0	0	0	12	0	0	0	0	0
"ee8c89a234c27e7e0065cbaf9e5ebd44"	0	0	0	0	0	0	0	0	0	0	0	0	0	0	0	0	40	0	0	0	0	0	0	0	0	0
"df2e4caf435beef2ce734a9532c6ed56"	0	0	0	0	0	0	0	0	0	0	0	7	0	0	15	0	0	0	0	0	0	0	0	0	17	0
"d2be0c0707b407c3194b9df9c5f718e0"	0	0	0	0	0	0	0	0	0	0	0	0	0	0	0	0	0	0	0	0	0	0	0	4	0	0
"7017904085ebec2c98fa607fdeafbdf3"	0	0	0	0	0	0	0	0	0	0	0	33	0	0	0	0	0	0	0	0	0	0	0	0	29	0
"df77b20d2b3e6d8fdf614860a49b1a6d"	0	0	0	0	0	0	0	0	0	69	0	0	0	0	0	0	0	0	8	0	0	0	0	0	0	0
"69d86ef83f2982ff2bfdbcabefd6fd00"	0	0	0	0	0	0	0	0	0	0	0	0	0	84	0	0	0	0	0	0	0	0	0	0	0	88
"632f870419117339af484e97f08c5860"	0	0	0	0	0	0	0	0	0	0	0	0	56	0	0	0	0	0	0	0	0	0	386	0	0	0
"c463c8e2927d16fe5c3f19b617b5f2ab"	0	0	0	0	0	18	0	0	316	0	0	0	0	0	0	0	0	0	0	0	0	0	0	0	0	0
"ce6ccc9895decda252eb19941de76b4f"	0	0	0	0	0	0	0	0	0	0	0	0	0	0	0	6	0	0	0	0	0	0	0	0	0	0
"d307e4f11b0e2d885e050c5585d7cb66"	0	0	0	0	0	0	0	0	0	0	0	0	0	0	0	76	0	0	0	0	11	0	0	6	0	0
"211804a4d27f784b3d9fd4ce00b50183"	0	0	0	0	0	0	0	0	0	0	0	0	127	0	0	0	0	0	0	0	0	0	0	99	12	0
"4cddb0a966c4bae93ebc3da0af632417"	0	0	0	0	169	0	0	0	0	0	0	0	0	0	0	95	183	0	0	0	0	0	0	96	93	0
"a1920e6ff8909a395f1267e7f02855c7"	0	0	0	0	0	0	0	0	0	0	0	0	0	56	0	0	0	0	0	0	0	0	0	0	0	67
"396beb57f3ae19891ae9d56da5650c8c"	0	0	0	0	0	0	0	0	0	0	0	0	0	0	0	0	29	0	0	0	0	0	17	0	0	0
"77a9171603c710e935a05cc2173f8654"	0	0	0	0	0	0	0	0	0	0	0	0	5	0	0	0	35	0	0	0	0	0	11	0	0	0
"c3e642fa3fc99b4e79d29e64bc562715"	0	0	0	0	0	0	0	0	0	0	0	0	0	0	0	0	0	0	0	0	0	0	0	0	3	0
"9748cb72a808f9676347e688be5ffaf4"	0	0	0	0	0	0	0	0	0	0	0	27	0	0	0	0	0	0	0	0	0	0	0	0	0	0
"cd923aad4c8f1ca565ea67f3e5bd49b2"	0	0	0	0	0	0	0	0	0	0	4	0	6	0	0	0	0	0	0	0	0	0	0	6	0	0
"b3c9903204dcadb47e90ba976f6da7a3"	0	0	0	0	0	0	0	0	0	0	0	0	0	0	0	0	15	5	0	0	0	0	0	0	0	0
"f968ea320e9eac1a25da8de6b27ba4ad"	0	0	0	0	0	0	0	0	0	0	2	0	0	0	0	0	0	0	0	0	0	0	0	0	0	4
"3e3637f299c9ddb5224f9c2794e5c316"	0	0	0	0	0	0	0	0	0	0	0	6	0	0	0	0	0	0	0	0	0	0	0	0	0	0
"7dbda6ff88ad3faed0eb08a6e48387f4"	0	0	0	0	0	0	0	0	0	0	0	0	0	13	0	0	0	0	0	0	0	0	0	0	0	17
"670c1c75f69bffc65c005682220dbd00"	0	0	0	0	0	0	0	0	0	0	0	0	0	0	0	195	0	0	2	0	0	0	0	0	0	0
"5b64bcf1e678a21560ec43fc416c4e94"	0	0	0	0	0	0	0	0	0	0	0	0	0	18	0	0	0	0	0	0	0	0	0	0	0	20
"f7da4fb95db91f30117854d94e568465"	0	0	0	0	0	0	0	0	0	0	0	0	0	0	0	0	89	0	0	0	0	0	0	26	0	0
"41e2c477feac583ef6e1ed9df4977b3e"	0	0	0	0	0	0	0	0	0	0	0	0	0	6	0	0	0	0	0	0	0	0	0	0	0	84
"140bcd43b9df9e91704aba3a09c8924e"	0	0	0	0	0	0	0	0	0	58	0	0	0	8	0	0	0	0	0	0	0	0	0	0	0	0
"e47cd2ee971bcce41a572c54e59339ee"	0	0	0	0	0	0	0	0	0	0	0	0	0	11	0	0	0	0	0	0	0	0	0	0	0	14
"1b2bd0817af6b810fb5b90c187fc734d"	0	0	0	0	0	0	0	0	0	0	0	0	0	0	0	0	0	0	0	0	0	0	13	0	0	0
"acf965b103f603dbc793a3d8cbb60816"	0	0	0	0	0	0	0	0	0	0	0	61	0	0	17	0	0	0	62	0	0	21	0	0	0	0
"fd58f6e329dcce9a51e4e2ee7aa6b11c"	0	0	0	0	0	0	0	0	0	0	0	0	0	0	0	0	0	0	0	0	0	0	0	0	65	0
"a406b9a84442b6e05d5af82adef7e548"	0	0	0	0	0	0	0	0	0	0	0	0	0	8	0	0	0	0	0	0	0	0	0	0	0	16
"bad4f0ede70351eb881448e5dcc86dbe"	0	0	0	0	0	0	0	0	0	82	0	0	0	10	0	0	0	0	0	0	0	0	0	0	0	229
"fa3b371e9976eb6ea9977028e216579f"	0	0	0	0	0	0	0	0	0	0	0	0	0	0	0	0	0	0	0	0	71	0	0	0	7	0
"bfad3c045ecf1af0e1ec978ad4f6a3ae"	0	0	0	0	0	0	0	0	0	0	0	0	0	0	0	0	9	0	0	0	0	0	0	0	0	0
"71ac633ce650ea3285fda41e27cc7e4e"	0	0	0	0	0	0	0	0	0	0	0	0	0	0	0	7	24	0	0	0	3	0	0	0	0	0
"7ae478994ca3505e7f5a511e29a05fba"	0	0	0	8	318	0	0	0	0	0	0	0	0	0	0	0	0	0	0	0	0	0	0	0	0	0
"e170012ecd882ba14abd2febfb9bf75e"	0	0	0	0	0	0	0	0	0	0	0	0	0	0	0	0	0	0	0	2	0	0	0	0	0	0
"ca75c336dd44b63b08d23508c2ef1ef3"	0	0	0	0	0	0	0	0	0	0	0	54	0	0	0	0	0	0	0	0	0	0	0	0	0	0
"ba9b967bcbdcf34351461f17fefdb13f"	0	0	0	0	0	0	0	0	0	0	0	0	0	0	0	0	0	0	0	26	35	0	0	0	0	0
"5d238ebf9d98a40c8574c0a4678a3504"	0	0	0	0	0	0	0	0	0	0	0	0	0	0	0	0	0	0	0	0	0	0	0	0	0	25
"7b5066737580761765bd83a4e5a10d03"	0	0	0	0	0	0	0	0	0	0	0	0	0	0	0	0	0	0	0	0	0	0	11	0	0	0
"e4919b93d9abbfd3d127b5e1182cab72"	0	0	0	0	0	0	0	0	0	0	0	0	0	93	0	0	0	0	0	0	0	0	0	0	0	114
"f7597c093c0e9f3049126df7042bf741"	0	0	0	0	0	0	0	0	0	0	0	0	0	0	0	0	0	28	0	0	10	0	0	0	0	200
"7cfc0c1e11df83a93e15d891990bef7a"	0	0	0	0	0	0	0	0	0	0	0	0	0	2	0	0	0	0	0	0	0	0	0	0	0	30
"3e6c6485f7b3d69ab50ef29fca8bd344"	0	0	0	0	0	0	0	0	0	0	0	0	0	0	0	0	0	0	0	0	0	0	29	0	7	0
"80e934945c5a99e77f531dc46833a187"	0	0	0	0	0	0	0	0	0	0	0	0	0	0	0	16	0	0	0	0	0	0	0	79	0	0
"54dc334bfa9e2e202f7a3e697a7bd9f8"	0	0	0	0	0	0	0	0	0	0	0	0	0	53	0	0	0	0	0	0	0	0	0	0	0	63
"86be87710bd6586811abb36d9433ead1"	0	0	0	0	0	0	0	0	0	0	0	0	0	0	0	0	0	0	0	5	0	0	0	0	0	0
"0806f8f7a2d90904fb5cc2f66d387674"	0	0	0	0	0	0	0	0	0	0	0	0	0	17	0	0	0	0	0	0	0	0	0	0	0	30
"55c48fc529f1663ffff308ba9a44fc90"	0	0	0	0	0	0	0	0	0	31	0	61	0	197	40	0	0	590	0	32	0	53	0	0	73	98
"fe432d506824805576f9ed150788c50d"	0	0	0	0	0	0	0	0	0	0	54	0	0	0	0	0	0	0	0	0	0	0	0	0	50	0
"0a11cb0fa4257ebd4de32cac5797eb3e"	0	0	0	0	0	0	0	0	0	0	0	0	0	0	0	0	17	0	0	0	0	0	0	0	0	0
"632d28c3fda7782723bc98de2420f112"	0	0	129	863	42	3	5	0	0	0	0	0	0	0	0	0	0	0	0	0	0	0	0	0	0	0
"94c91e7c3be6aaab01a7d2c414210438"	0	0	0	0	0	0	0	0	0	0	0	0	0	0	0	0	0	0	0	0	3	0	0	0	0	0
"61b084b01e36bfefff2bfacc193c7a7b"	0	0	0	0	0	0	0	0	0	0	0	0	0	0	0	0	19	47	0	0	0	0	0	0	0	0
"b6c488fd57ac51ec08caa3d463327a48"	0	0	0	0	0	0	0	0	0	0	0	0	0	0	0	0	8	0	0	0	0	0	5	0	0	0
"5cf2e5d57c9b5be670636ad2a1d642fc"	0	0	0	0	0	0	0	0	0	0	0	0	0	0	0	0	0	0	0	0	0	0	0	0	0	5
"820309b6b432e4139f500f7c54870296"	0	0	0	0	0	0	0	0	0	0	0	0	0	182	0	0	0	0	0	0	0	0	0	0	0	216
"11fcc57aae9dac17d6f4d7588ce6c872"	0	0	0	0	0	0	0	0	0	0	0	10	0	0	2	0	0	7	0	0	0	0	0	0	3	0
"904524037764f596933707656be722d2"	0	0	0	0	0	0	0	0	0	0	0	0	0	0	0	2	0	4	0	0	0	0	0	0	0	0
"cf6cc6e2370c67b326856eb88a45bbd9"	0	11	0	0	0	0	0	0	0	0	0	0	0	0	0	0	0	0	0	0	0	0	0	0	0	0
"5b9c5a8b719b7256edfeabd51c685291"	0	0	0	0	0	0	0	0	0	0	0	0	0	35	0	0	0	0	0	0	0	0	0	0	0	48
"a5fd1ea225958d7e02a4c67039df30aa"	0	0	0	0	0	0	0	0	0	0	0	0	0	11	0	0	0	0	0	0	0	0	0	0	0	0
"4422fe58036aaadfed6d950a92d55156"	0	0	0	0	0	0	0	0	0	0	0	0	0	0	0	17	28	9	0	0	74	0	0	13	20	0
"8dc115b1b4552c8cd9e6748a5b92c51e"	0	0	0	0	0	0	0	0	0	0	0	0	0	0	0	0	0	10	61	0	0	0	0	0	0	0
"d64562aecea5b1d06be7033201d09921"	0	0	0	0	0	0	0	0	0	47	0	0	0	0	0	265	0	0	0	0	0	0	0	74	0	0
"4f02be7875720788445deea1a5583669"	0	0	0	0	0	0	0	0	0	0	0	0	0	11	0	0	0	0	0	0	0	0	0	0	0	7
"a661133287d81ca0c841be41c992081f"	0	0	0	0	0	0	57	0	27	0	0	0	0	0	0	0	0	0	0	0	0	0	0	0	0	0
"c0b6f17d91f9de0cb726cb09f726fed2"	0	0	0	0	0	0	0	0	0	0	0	0	0	0	0	0	0	0	0	0	0	0	0	0	0	22
"8387cda2359c47fa04162d1937e293e1"	0	0	0	0	0	0	0	0	0	0	0	0	0	0	0	0	0	0	0	0	0	3	0	0	0	0
"055ffb999bb2d8398dc609287d5646c6"	0	0	0	0	0	0	0	0	0	0	0	0	0	0	0	0	0	0	0	0	0	0	0	46	0	0
"abb35ff9ac572473b11675734f579208"	0	0	0	0	0	0	0	0	0	0	0	0	0	0	8	0	0	56	0	0	0	0	0	0	0	0
"e21dfaf4367ba97db3adc8a532c3a6fe"	0	130	0	0	0	52	0	0	406	0	0	0	0	11	0	0	0	0	0	0	0	0	0	0	0	0
"db779e8d216547a25098ebd840ca21ba"	0	0	0	0	0	0	0	0	0	0	0	0	6	0	0	0	0	0	0	0	0	0	0	0	6	0
"f96ef677595bc5eff0d3a3594719cb3e"	0	0	0	0	0	0	0	0	0	0	0	0	0	0	0	0	0	0	0	0	0	0	0	0	8	0
"38051d4fd01755f3868bd8137ebe145a"	0	0	0	0	0	0	0	0	0	0	0	0	0	31	0	0	0	0	0	0	0	0	0	0	0	51
"62d2570b7eaa60542dfe93060e5489c1"	0	0	0	0	0	0	0	0	0	0	0	0	58	0	0	0	0	0	0	0	0	0	0	6	7	0
"ac592c9229cdd819ed75cf80eab23b3d"	0	0	0	0	0	0	0	0	0	0	0	0	26	0	0	0	0	0	0	0	0	0	0	0	82	0
"3ed158edb4d3cb56e9694de3e3b21253"	0	0	0	0	0	0	0	0	0	0	0	0	0	7	5	0	0	0	0	0	0	0	0	0	10	0
"4214085eac56ff38566f3776b372a7d1"	0	0	0	0	0	0	0	0	0	0	4	0	4	0	0	81	14	0	0	0	0	0	0	167	77	9
"d77af21fb89f3135dd55bd8edd0fa4ab"	0	0	0	0	0	0	0	0	0	0	0	0	0	0	0	0	4	0	0	0	0	0	13	0	0	0
"11a6b9dd40f2bc08d0782d336b52b4ed"	0	0	0	0	0	0	0	0	0	38	0	0	0	0	0	0	0	0	0	0	0	0	0	0	0	0
"31e0a53eae450d25c73857a6d27a1acf"	0	0	0	0	0	0	0	0	0	0	0	0	4	0	0	17	0	0	0	0	0	0	6	5	0	0
"daf21d4853190eb82298ea50ff9c6a78"	0	0	0	0	0	0	0	0	0	0	0	0	0	0	0	0	0	0	0	0	0	0	0	0	6	12
"4b3f3866e88d8515022f251a82aa4c37"	0	0	0	0	0	0	0	0	0	0	0	0	0	392	0	0	0	0	0	0	0	0	0	0	0	504
"7f74e7bc9ea21530948788d91e422610"	0	0	0	0	0	0	0	0	0	0	0	0	0	3	0	0	0	0	0	0	0	0	0	0	0	38
"335c0226cc1230061a03a8691c613121"	0	0	0	0	0	0	0	0	0	0	148	0	0	0	0	0	0	0	0	0	0	0	0	0	0	0
"ee76aa67b8e561de480c9e047d9cfdf6"	0	0	0	0	0	0	0	0	0	0	0	0	0	52	0	0	0	0	0	0	0	0	0	0	0	57
"e4b80bed71d35ad5e6e8625092cf2700"	0	0	0	0	0	0	0	0	0	0	0	0	0	11	3	0	0	0	0	0	0	0	0	0	0	27
"4063cd35874fa195c2d86ad508eae398"	0	0	0	0	0	0	0	0	0	0	170	0	0	0	0	0	2087	0	0	2	0	0	109	98	0	0
"158a28cf25564a5dca4b98e346edad1e"	0	0	0	0	0	0	0	0	0	0	26	30	0	0	0	0	0	0	0	0	0	0	0	0	0	0
"b52d9dc78f11ed6b7a1b2c322f28c730"	0	0	0	0	0	15	0	0	0	0	0	0	0	0	0	0	0	0	0	0	0	0	0	0	0	0
"8bf47b3d83b3b9c33fec8c9a1300b768"	0	0	0	0	0	0	0	0	0	0	0	0	0	0	0	0	0	0	0	0	0	0	0	0	22	0
"88690462dc806580630ec8e20174510c"	0	0	0	0	0	0	0	0	0	0	0	0	4	0	0	18	0	0	0	0	0	0	6	7	0	64
"86023f3e782f722118c1f618924d7cd9"	0	0	10	0	13	142	0	0	0	0	0	0	0	0	0	0	0	0	0	0	0	0	0	0	0	0
"c6acbd49a438a51cd746e0ee355516d6"	0	0	0	0	0	38	0	0	0	7	0	0	0	10	0	0	0	0	0	0	0	0	0	0	0	0
"4a3bb8f39994b2f9e8ac669e9a435ab0"	0	0	0	0	0	0	0	0	0	0	0	10	0	0	0	0	0	0	0	0	0	0	7	0	0	0
"1403d69839d0a0fcefd16ec37db4d0ab"	0	0	0	0	0	0	0	0	0	0	0	0	0	0	0	0	0	0	0	0	0	0	21	0	2	0
"85fbb4f963c8987a87ddb1e54fdad56d"	0	0	0	0	0	0	0	0	42	0	5	0	3	2	0	5	0	0	0	0	0	0	0	7	17	5
"7e7e625a9586c493d813dbfdbebbd959"	0	0	0	0	0	0	0	0	0	0	0	0	0	205	0	0	0	0	0	0	0	0	0	0	0	251
"4aa5aea2e201856a4ec908059f762f84"	0	0	0	0	0	0	0	0	0	11	0	0	9	0	31	0	0	60	9	0	0	0	0	0	0	32
"b92a78ac8ec99201e817250b542a3d5b"	0	0	0	0	0	0	0	0	0	0	0	0	2	0	0	0	0	0	0	0	0	0	0	0	0	0
"cd1c788b0a44c84764a0cf4df5be1e6e"	0	0	0	0	0	0	0	0	9	3	0	0	14	0	0	34	0	0	0	0	0	0	0	13	0	17
"5ec0a4069d6cbdff20987cf13b10cffc"	0	0	0	0	0	0	0	0	0	0	0	0	0	0	0	0	0	0	0	0	0	0	447	0	0	0
"8c459f2936188b11e8456adbc8525466"	0	0	0	0	0	0	0	0	0	0	0	0	0	0	0	0	0	0	0	0	0	0	58	0	0	0
"3954cf4c2ea710fa9ae7f41ead677663"	0	0	0	0	0	0	0	0	0	0	0	21	16	0	0	0	0	0	0	0	0	0	0	4	0	8
"3e4fde47a6436233c03f49fa031e6e5f"	0	0	0	0	0	0	0	0	0	0	0	23	0	0	0	0	0	0	0	0	0	4	95	0	86	0
"809245f4de6bffb6f259414df33d408f"	0	0	0	0	0	0	0	0	0	91	0	0	0	0	0	0	79	0	0	0	0	0	76	0	0	0
"82a9ddc8154d844515e10f499120cfbd"	0	0	0	0	0	0	0	0	0	0	0	0	0	0	0	0	0	0	0	0	0	0	0	3	0	0
"dabe309082384cb4e56675a0fd83d77d"	0	0	0	0	0	0	0	0	0	0	0	0	6	0	0	0	0	7	0	0	0	0	0	0	37	0
"79bf3010b44ec0906de18f693d998506"	0	0	0	0	0	0	0	0	0	0	0	0	19	0	0	0	232	0	0	0	0	0	178	0	0	0
"0a06b4f4c13a1d5224969e6d42bd8897"	0	0	0	0	0	0	0	0	0	0	0	0	0	0	0	0	0	0	0	0	0	0	0	0	203	0
"315a96e7d9bb3d77c446b01a4ea26403"	0	0	0	0	0	0	0	0	0	0	192	290	0	0	0	0	0	0	0	0	0	0	0	0	77	0
"9d8fae64da644b919dc55a36ad2b9e24"	0	0	0	0	0	0	0	0	0	10	0	0	0	0	0	0	0	0	0	0	0	0	0	0	0	0
"96fb732002e226869da4dd32eb08294b"	4	0	53	1544	0	23	452	0	34	0	0	0	0	0	0	0	0	0	0	0	0	0	0	0	0	0
"6ea485562be7d04928256f4f8cd4f688"	0	0	0	0	0	0	0	0	0	0	0	0	0	0	0	0	0	0	3	0	0	0	0	0	46	0
"2cd626373341bc7d20691101d72f5043"	0	0	0	0	0	0	0	0	0	0	0	0	23	0	0	20	18	203	0	4	29	0	17	42	0	0
"2a8d60131ea597fc19860eb4a9e9eb78"	0	0	0	0	0	0	0	0	0	0	0	0	30	0	0	0	0	0	0	0	0	0	0	4	6	0
"21f2b032460c1507f2857980bbdc9e28"	0	0	0	0	0	0	0	0	0	0	0	0	0	0	0	0	0	0	0	0	0	0	63	0	0	0
"dd6f711460d7d79f4b0c90a19c65df2d"	0	0	0	0	0	0	0	0	0	0	0	0	5	0	0	0	0	0	0	0	0	0	0	0	58	0
"34ca1cd83f9ba02e3e6750903d49ff03"	0	0	0	0	0	0	0	0	0	0	2	0	0	0	0	0	0	0	0	0	0	0	0	0	0	0
"284e5ce9b60cf3f483f0c92956c2b934"	0	0	0	0	0	0	0	0	0	0	0	0	0	0	0	5	0	0	0	0	0	0	0	0	0	0
"d1e865b4450ef1a13fd892444314a811"	0	0	0	0	0	0	0	0	0	0	9	108	49	0	0	3	38	0	0	0	13	0	44	46	26	0
"244cdae0b2912e9b78326ee8e0404271"	0	0	0	0	0	0	0	0	0	0	45	11	0	0	0	0	0	0	0	0	0	0	0	0	0	0
"a9c4d698b00aee9ec18633018711db08"	0	0	0	0	0	0	0	0	0	0	0	12	0	0	0	0	0	0	0	0	0	0	0	0	71	0
"d2f8abfb5fed4a0e0d84913842f04814"	0	0	0	0	0	0	0	0	0	0	0	0	0	0	0	0	0	0	0	0	0	0	56	0	125	0
"f5b64787b8ab28de4448c98987c28875"	0	0	0	0	0	0	0	0	0	4	0	0	0	0	184	9	12	200	0	0	19	0	15	16	0	0
"6469bf14cd6e36f3250b55d5d60eeb3e"	0	0	0	0	0	0	0	0	0	0	0	0	0	0	0	0	0	0	0	0	0	0	0	4	0	42
"5e4baac44ccea22c39cbd254f59eebbc"	0	0	0	0	0	0	0	0	0	27	0	0	0	0	5	0	0	0	0	0	0	0	0	0	4	0
"0a31f4277a35767af0e58364b0b9840e"	0	0	0	0	0	0	0	0	0	0	0	0	0	63	0	0	0	0	0	0	0	0	0	0	0	73
"95b3d21f54140d0d7f2d8f609cbb7283"	0	0	0	0	0	0	0	0	0	0	0	23	0	0	0	0	0	0	0	0	0	0	0	0	0	0
"de0eb8ee3b32eed93c57f80ccee7901c"	0	0	0	0	0	0	0	0	0	0	0	0	0	26	127	247	0	180	0	0	0	34	0	0	10	513
"e3518f8733f40b7f5c035daa51283093"	0	0	0	0	0	0	0	0	0	0	0	0	0	0	0	0	0	7	0	0	0	0	0	0	0	60
"14555d4582a7fb5cf58b9a016479347f"	0	0	0	0	0	0	0	0	0	0	0	0	76	0	0	0	0	0	0	0	0	0	190	0	0	0
"0868a31ec721f577bacfc8a195d74f0b"	0	0	0	0	0	0	0	0	0	0	0	0	42	0	0	0	0	0	0	0	0	0	0	0	0	0
"55aabda5e52d12524d6749345b989172"	0	0	0	0	0	30	0	0	0	0	0	0	0	38	0	0	0	0	0	0	0	0	0	0	0	8
"cc884fc5fbddf61c5a6e36621b3ed27b"	0	14	0	0	0	5	0	0	25	0	0	0	0	0	0	0	0	0	0	0	0	0	0	0	0	0
"ea0baa7b30ab4a44b5e212c903195617"	0	0	0	0	0	0	0	0	0	0	0	0	0	0	0	0	0	15	0	0	0	0	0	0	0	0
"c9a1c8c31c702b096fad25b962931106"	0	0	0	0	0	0	0	0	0	0	42	0	5	0	0	0	0	0	0	0	0	0	0	0	0	0
"aaf7707928a65d53713e17284ae0ab5d"	0	0	0	0	0	0	0	0	0	0	0	0	0	0	0	0	0	0	0	0	0	0	17	0	0	0
"7eadffce2cad32d60066b666afaa2ab1"	0	0	0	0	0	0	0	0	0	0	9	0	0	0	0	0	0	0	0	0	0	0	0	0	0	0
"b107b992de2869e1350966d8e6fdc4ce"	0	0	0	0	0	0	0	0	0	0	11	37	0	0	0	0	0	0	0	0	0	0	0	0	62	0
"c2437f11ac06e6657e67bb4c75fc1933"	0	0	0	0	0	0	0	0	0	0	0	0	0	0	0	200	0	0	0	0	0	0	0	0	0	0
"7fbff9a55be7cb2c5fb7af46cda6ee4d"	0	0	0	0	0	0	0	0	0	0	0	64	79	0	0	0	0	0	0	0	6	0	0	0	0	0
"73176ee714daedcc36de51609a75e059"	0	0	0	0	0	0	0	0	0	0	0	0	0	7	0	0	0	0	0	0	0	0	0	0	0	15
"e9315a40f5415df48d6bc55bfdc945e9"	0	0	0	0	0	0	0	0	0	0	0	35	0	0	0	0	0	0	0	0	0	10	0	0	0	0
"c005d956ded00b6bf61ef91806ad143d"	0	0	0	0	0	0	0	0	0	0	0	0	0	0	14	0	0	0	0	0	0	0	0	0	0	0
"8c594dc4f694e940bac9aa02140571b9"	0	0	0	0	0	0	0	0	0	0	0	0	0	0	0	7	0	0	0	0	0	0	0	0	0	0
"aeaf47f21f2be980d2ecb18aaebb4bfc"	0	0	0	0	0	82	0	0	0	0	0	0	0	0	0	0	0	0	0	0	6	0	0	0	0	0
"4cb6668e20066b56695025ff17bbad9b"	0	0	0	0	0	0	0	0	0	0	0	0	0	0	0	0	0	0	0	0	0	0	0	19	0	0
"c9b59be36fd3c73bf0f0ebe2a9f1b115"	0	0	0	0	0	0	0	0	0	0	0	0	0	135	0	0	0	0	0	0	0	0	0	0	0	145
"748095b294a558a233daa049d62ac978"	0	0	0	0	0	0	0	0	0	0	23	0	0	0	0	0	0	8	0	0	0	0	0	0	0	0
"9d279b9eabc57fb4cb515beab6bd7b79"	0	0	0	0	0	0	0	0	41	0	48	6	654	0	0	909	277	0	0	0	18	0	206	1540	166	0
"b5e709a5416007d4732b8f88af9c4c90"	0	0	0	0	0	0	0	0	0	0	8	0	0	0	0	0	0	0	0	0	0	0	0	0	0	57
"7083de87cd004277a5d1fc88bf7f0c0c"	0	0	0	0	0	0	0	0	0	5	0	0	0	0	0	0	0	0	0	0	0	0	0	0	0	0
"960974e6f9409eacf331ae46bf1799a9"	0	0	0	0	0	0	0	0	0	0	0	0	0	0	0	0	40	0	0	0	0	0	0	27	12	0
"062a345079ef8656c5d54efeadfdb1c3"	0	0	0	0	0	0	0	0	0	0	0	0	0	0	0	9	8	0	0	0	0	0	0	15	0	0
"46593df36cc8e8e67dfe0369718b24dd"	0	0	0	0	0	0	0	0	0	0	0	0	0	0	0	0	0	0	8	0	0	0	0	0	0	0
"f872757091f2336dffba742a9e7fc255"	0	0	0	0	0	0	0	0	0	0	0	0	0	0	4	0	0	0	0	0	0	3	9	0	0	0
"5292ee5e246763b919168a9da795b23a"	0	0	0	0	0	0	0	0	0	0	0	0	0	0	0	0	0	0	0	0	0	8	0	0	0	0
"674b333ed7867d4e2194942647d017a9"	0	0	0	0	0	0	0	0	0	0	0	0	0	0	0	0	0	0	0	0	0	0	0	0	7	0
"7e7d826c713a140ace5a678186df6e0f"	0	0	0	0	0	0	0	0	0	0	0	10	0	0	0	34	0	0	0	0	0	0	0	0	0	0
"00bb9923b5f4fcb54d39cdd46f11bdf3"	0	0	0	0	0	0	0	0	0	3	0	0	0	2	0	0	0	77	0	0	3	0	0	0	10	7
"a0fbb7ecba3a9036e72b12fd95676e97"	0	0	0	0	0	0	0	0	0	0	0	0	0	0	0	0	0	0	0	0	0	0	0	0	48	0
"018dad345f0a2749a17b3f118889cbdb"	3	0	0	0	0	15	0	0	190	0	0	0	0	0	0	0	0	0	0	0	0	0	0	0	0	0
"f143e70b5c91670a934d42446f1541be"	0	0	0	0	0	0	0	0	0	0	0	7	0	8	0	0	0	29	0	0	0	0	0	7	34	104
"534f4095a70abeff24f3bb12a00b44c1"	0	0	0	0	0	0	0	0	0	0	0	0	0	0	3	0	0	33	4	0	9	13	0	0	0	36
"ef58bdac5a2d212bf1d08a8f3a08c1eb"	0	0	0	0	0	0	0	0	166	0	0	0	0	0	0	0	0	0	0	0	32	0	0	0	0	0
"7600b8c471a9aaea2ffeb847b60692f1"	0	0	0	0	0	0	0	0	0	0	0	7	0	0	0	0	0	0	0	0	0	0	0	0	42	0
"bfd6fa049df3d223bc35cc04914d7d05"	0	0	0	0	0	0	0	0	0	0	22	0	0	0	0	0	0	0	0	0	0	0	0	0	0	0
"00e829e4c6d8892c01ee9e4b49cd4dc6"	0	0	0	0	0	0	0	0	0	0	6	30	6	0	0	2	0	0	0	0	0	0	0	0	4	0
"bd601ad7f991ced7c2665786b1a9291e"	0	0	0	0	0	0	0	0	0	0	0	0	0	0	0	0	24	0	0	0	38	0	0	0	0	0
"ddd6e3719a66a4e559067c10b1f8896d"	0	0	0	0	0	0	0	0	0	0	0	0	47	0	0	0	0	0	0	0	36	0	0	89	0	0
"b4b075923c811a752220086d5d9141d0"	0	0	0	0	0	9	0	0	0	0	0	0	0	0	0	0	0	164	0	0	0	0	0	0	3	0
"f478ef3fa7c0b2872fd9f3f13900d2a6"	0	0	0	0	0	0	0	0	0	0	0	0	0	0	0	0	15	0	0	0	0	0	0	0	0	0
"5282ce4b767cb49fbe066278f51086b5"	0	0	0	0	0	0	0	0	0	0	0	0	0	0	0	36	21	0	0	0	0	0	0	0	0	0
"506a5b27323b87a8b9164823a465f5ab"	0	0	0	0	0	0	0	0	0	0	0	0	0	0	0	0	0	0	0	0	0	0	80	0	0	0
"0b210e6dfcf68aef25d6245323bf80bf"	0	0	0	0	0	0	0	0	0	0	15	3	0	0	0	0	0	0	0	0	0	0	0	0	0	0
"ec16053a631789580134dfcfe7d051be"	0	0	0	0	0	0	0	0	0	0	0	0	17	0	181	13	0	68	0	0	0	0	0	0	0	0
"9389e60d154a547b3fecc11127f9d305"	0	0	0	0	0	0	0	0	0	0	0	0	0	0	0	15	0	0	0	0	0	0	0	0	0	0
"b5eef4be450c43af16e8735ad8973caf"	0	0	0	0	0	0	0	0	0	42	0	6	0	171	0	0	0	56	0	0	0	0	0	0	7	3253
"5082591dd5b9fe60c26cafe14f19b6f9"	0	0	0	0	0	0	0	0	0	0	271	551	4	0	0	0	0	0	0	145	579	0	0	0	0	0
"e92840869dc8bcf5622e7d9208e7f4a4"	0	0	0	0	0	0	0	0	0	0	0	0	0	0	0	0	0	0	0	0	0	0	0	0	0	23
"5e166d1224ba69ee8cf21bd340b104af"	0	0	0	0	0	0	0	0	0	0	0	0	0	0	0	19	0	0	0	0	0	0	0	0	0	0
"91bce0f83c35c6a2be84b3b953a3830b"	0	0	0	0	0	0	0	0	0	0	0	0	0	0	0	0	42	0	0	0	0	5	0	0	0	0
"f76745d08646dfa8fccd3cd79e2f13aa"	0	14	0	0	0	0	0	0	0	0	0	0	0	0	0	0	0	0	0	0	0	0	0	0	0	0
"71a9a7be2aa97c207d48f0d5355a7247"	0	0	0	0	0	0	0	0	0	0	0	0	0	0	0	0	0	10	0	0	3	0	0	5	0	0
"63750fe2f98085c5dc414060e23a2c38"	0	0	0	0	0	0	0	0	0	0	0	0	0	0	0	0	0	36	0	0	0	0	0	0	0	0
"a070b01781f0643599c0b6552403242a"	0	0	0	0	0	0	0	0	0	0	0	0	17	0	0	21	42	0	83	0	15	0	39	0	0	0
"a6187cb8364260fbd9025fc181d094e4"	0	0	0	0	0	0	0	0	0	0	0	0	0	0	0	0	0	0	0	0	0	0	0	0	18	0
"f8198cf064939089fc46c901916a3638"	0	0	0	0	0	0	0	0	0	0	0	0	0	15	0	0	0	0	16	0	0	0	0	0	3	0
"1599754df9c2552fa46a99f58a7de54e"	0	0	0	0	0	0	0	0	0	0	0	0	0	3	0	0	0	19	0	0	0	0	0	0	0	150
"9dc3d12646d967b815a0e152523805d6"	0	0	0	0	0	0	0	0	0	0	0	0	0	0	0	0	0	0	0	0	0	0	118	0	0	0
"448a42c81aa648c33422c19551b9b87b"	0	0	0	0	0	0	0	0	0	0	0	0	0	0	0	0	0	0	0	0	0	0	101	0	0	0
"8a6bc346f3b92f574454af7b9a081928"	0	0	0	0	0	0	0	0	0	0	0	4	0	0	0	0	0	0	0	0	0	0	0	0	0	0
"830ff77acfce6703b09c788eafc29215"	0	0	0	0	0	0	0	0	0	0	0	16	0	0	0	0	0	0	0	0	0	0	0	0	27	0
"cbfba2c0970603ecffb6979e7361b1cd"	0	0	0	0	0	0	0	0	0	0	43	71	0	0	0	5	0	0	0	0	0	0	0	0	0	0
"30fad15bc0669dc1b13d4a403d5f3693"	0	0	0	0	0	0	0	0	0	0	5	34	0	0	0	0	0	0	0	0	0	0	0	0	0	0
"fbac4fced9bd3d141c3ea93cfcb681e9"	0	0	0	0	0	0	0	0	0	0	24	0	0	0	0	0	0	0	0	0	3	0	0	0	0	0
"1441b1ab967b93063fcea43e31674bcf"	0	0	0	0	0	0	0	0	0	0	0	0	0	0	0	0	16	0	0	0	0	0	0	0	0	0
"ea0797efd81c4f277d2e41e3d8048d60"	0	0	0	0	0	0	0	0	0	0	0	0	0	70	0	0	0	0	0	0	0	0	0	0	0	88
"f88653cc15da5f53b65aa65ae844affb"	0	0	0	0	0	0	0	0	0	0	0	0	0	0	0	0	0	0	0	0	0	0	0	0	117	0
"b8807e1ce3c94395e3905c139586dc32"	0	0	0	0	0	0	0	0	0	0	103	84	205	0	0	327	0	0	0	0	96	0	0	404	393	0
"68c8343d44495e7ba827d49d4fac5ced"	0	0	0	0	0	0	0	0	0	0	0	3	13	0	0	0	0	0	0	0	16	0	0	0	2	0
"259399a4f71bec6d7b6a9ac18470f194"	0	0	0	0	0	0	0	0	0	0	0	10	0	0	0	0	0	0	0	0	0	0	0	0	0	0
"c5001a407d206a7e7bf8618b797fd7ae"	128	675	748	4298	2024	0	436	42	417	0	0	0	0	0	0	0	0	0	0	0	0	0	0	0	0	0
"5487cc5ee893ebc757e9e5f6775a173a"	6	575	63	0	522	191	7	9	212	0	0	0	0	0	0	0	0	0	0	0	0	0	0	0	0	0
"506e03ea3cd1dc0817f1521e2aacc19e"	0	0	0	0	0	0	0	0	0	0	0	0	0	0	18	47	0	4	0	0	0	0	0	0	0	0
"97f5e510787d7f1cb1f5e8e33f62a1ae"	0	0	0	0	0	0	0	0	0	0	0	39	0	0	0	0	0	0	0	0	0	0	0	0	0	0
"ed3f44843261c4b91ee2e57c541bb1b6"	0	0	0	0	0	0	0	0	0	0	0	0	0	0	0	0	0	0	0	0	0	0	2718	0	0	0
"550c58544483e5cc0465e76edc5d5b00"	1159	463	5027	544	512	6	588	600	938	0	0	0	0	0	0	0	0	0	0	0	0	0	0	0	0	0
"e24e5d5b47827fcf19d4f0070d1389ea"	0	0	0	0	0	0	0	0	0	0	16	73	0	0	0	0	0	0	0	0	9	0	0	77	102	0
"b37f2cd8ae191fa61ffc465dbae476bb"	0	0	0	0	0	0	0	0	0	0	0	0	5	0	0	5	0	0	0	0	0	0	0	0	0	0
"124e55189d1c0315fe8614259a8212fd"	0	0	0	0	0	0	0	0	0	0	0	0	0	0	2	0	0	0	0	0	0	0	0	0	0	0
"ce024a4386ca9776c0f670e3984eb39c"	0	0	0	0	0	0	0	0	0	0	0	0	0	10	0	0	0	0	0	0	0	0	0	0	0	11
"2db2f10ba0d1b7355ac3c8dec03c59b6"	0	0	0	0	0	0	0	0	0	0	0	0	0	79	0	0	0	0	0	0	0	0	0	0	0	75
"9a38b72b515f3220234c9df10a361b1c"	0	0	0	0	0	0	0	0	0	12	0	10	0	248	0	0	0	0	4	14	3	3	0	0	25	21
"fa375ac3090f3a05b8a85a7e176ded30"	0	0	0	0	0	0	0	0	0	0	0	0	0	0	0	0	6	0	0	0	0	0	0	0	0	0
"1e4abbf5d218da2cc65cdbb598508541"	0	0	0	0	0	0	0	0	0	0	0	0	0	0	0	0	0	0	0	0	0	0	0	0	0	13
"1fc7aec06c06b2b01923cd288c920ab6"	0	0	0	0	0	0	0	0	0	0	0	0	6	0	0	20	66	0	0	3	5	0	0	27	0	0
"53ab245ed5b2f71a442a92d9075f93cd"	0	0	0	0	0	0	0	0	0	0	0	0	0	25	0	0	0	0	0	0	0	0	0	0	0	38
"d73da81633bb26accdc18a3c23987006"	0	0	0	0	0	0	0	0	0	0	0	0	0	6	0	0	0	0	0	0	0	0	0	0	0	8
"5add3f62d40a55bfd81447f89b34406b"	0	0	0	0	0	0	0	0	0	0	0	0	0	0	0	0	5	0	0	0	0	0	20	0	0	0
"0b3fcb6a23320152006505a492c3bfb9"	0	0	0	0	119	3	0	0	0	0	0	0	0	0	0	0	0	0	0	0	0	0	0	0	0	0
"3ab620ff19ae0766060a2d5a6e4caea4"	0	0	0	0	0	0	0	0	0	0	0	0	0	0	0	0	0	0	0	0	6	0	0	0	0	0
"a7cbb636ae21193768962c36a6b4320b"	0	0	0	0	0	0	0	0	0	0	0	0	0	33	110	0	25	0	0	0	0	0	0	0	45	42
"16b2f70a51a56708ef74f4ca4ba66960"	0	0	0	0	0	0	0	0	0	0	0	12	0	0	0	0	0	13	0	0	0	0	22	0	0	0
"44200e168b7925ebc9a14a656e10bf27"	0	0	0	0	0	0	0	0	0	0	18	12	4	0	0	255	597	0	0	0	48	0	21	0	153	0
