"#_Constructed_from_biom_file"																										
"#OTU_ID"	"Tiberias_Head_09_2017_B"	"Maayan1_09_2017_B"	"Ein7_09_2017_B"	"Fuliya4_09_2017_B"	"Tiberias_Head_01_2018_B"	"Tiberias_Pool_01_2018_B"	"Gesher_hana_01_2018_B"	"Maayan1_01_2018_B"	"Ein7_01_2018_B"	"Fuliya4_01_2018_B"	"Tiberias_Pool_09_2018_B"	"Gesher_hana_09_2018_B"	"Maayan1_09_2018_B"	"Ein7_0918_B"	"Fuliya4_09_2018_B"	"Tiberias_Head_01_2019_B"	"Tiberias_Pool_01_2019_B"	"Gesher_hana_01_2019_B"	"Maayan1_01_2019_B"	"Ein7_01_2019_B"	"Fuliya4_01_2019_B"	"Tiberias_Head_06_2018_B"	"Tiberias_Pool_06_2018_B"	"Tiberias_Pool_09_2017_B"	"Gesher_hana_09_2017_B"	"Nur_09_2017_B"
"99976"	0	0	0	0	0	0	0	0	0	0	0	0	0	0	0	0	0	0	0.000548496206235	0	0	0	0	0	0	0
"a263e"	0	0	0	0	0	0	0	0	0	0	0	0	0.000353294470942	0	0	0	0	0	0	0	0	0	0	0	0	0
"cd457"	0	0	0	0	0	0	0	0	0	0.001426940639269	0	0	0	0	0.001840688417468	0	0	0	0	0	0	0	0	0	0	0
"6d9f4"	0	0	0	0	0	0	0	0.005721642111286	0	0	0	0	0	0	0	0	0	0	0	0	0	0	0	0	0	0
"249be"	0	0	0	0	0	0	0	0	0	0	0	0	0.001978449037273	0	0	0	0	0	0	0	0	0	0	0	0	0
"684c3"	0	0	0	0	0	0	0	0	0	0	0	0	0	0	0	0	0	0.000105782792666	0	0	0	0	0	0	0	0
"9618c"	0	0	0	0	0	0	0	0.016235159490774	0.001836884643644	0.004708904109589	0	0.030140142061816	0	0	0.014817541760619	0	0	0.015303244005642	0	0	0.013317510548523	0	0	0	0	0.009213147410359
"b604a"	0	0	0	0	0	0	0	0	0	0	0	0	0.009680268503798	0	0	0	0	0	0.00169119663589	0	0.007383966244726	0	0	0	0	0
"ebd16"	0	0	0	0	0	0	0	0	0	0.001426940639269	0	0	0	0	0	0	0	0	0	0	0	0	0	0	0	0
"80202"	0	0	0	0	0	0	0	0	0	0.002654109589041	0	0	0	0	0.008812295798629	0	0	0.000141043723554	0	0	0.071861814345992	0	0	0	0	0
"7a29c"	0	0	0	0	0	0	0	0.002074095265341	0	0	0	0	0	0.030547699747415	0	0	0	0.006805359661495	0.003450955297559	0.008249085157849	0	0	0	0	0	0
"793c4"	0	0	0	0.013004484304933	0	0	0	0	0	0	0	0	0	0	0	0	0	0	0	0	0	0	0	0	0	0
"02766"	0	0	0	0	0	0	0	0	0.002240999265246	0	0	0	0.003532944709415	0	0	0	0	0	0.001599780601518	0	0	0	0	0	0	0
"1be76"	0	0.016393442622951	0.013184584178499	0	0	0	0	0	0.012270389419545	0	0	0	0	0.006368601714125	0.004302609175832	0	0	0.006734837799718	0	0.018296843019289	0	0	0	0	0.02291325695581	0
"3292d"	0	0	0	0	0	0	0	0	0	0.001227168949772	0	0	0	0	0	0	0	0	0	0	0	0	0	0	0	0
"aadc9"	0	0	0	0	0	0	0	0	0	0	0	0	0	0	0	0	0	0.00049365303244	0.000571350214828	0	0	0	0	0	0	0
"65e53"	0	0	0	0	0	0	0	0.001287369475039	0	0.000342465753425	0	0	0.001236530648295	0	0	0	0	0.000846262341326	0	0	0	0	0	0	0	0
"96bcd"	0	0	0	0	0	0	0	0	0	0	0	0	0	0	0	0	0	0	0.000571350214828	0	0	0	0	0	0	0
"84be2"	0	0	0	0	0	0	0	0	0	0.00037100456621	0	0	0	0	0.000667249551332	0	0	0	0	0	0	0	0	0	0	0
"b4e69"	0	0	0.050033806626099	0	0	0	0	0	0.002755326965467	0	0	0	0	0	0	0	0	0	0	0	0	0	0	0	0	0
"afaae"	0	0	0	0	0	0	0	0	0	0.000799086757991	0	0	0	0	0	0	0	0	0	0	0	0	0	0	0	0
"d9886"	0	0	0	0	0	0	0	0.00464883421542	0	0	0	0	0	0	0	0	0	0	0	0	0	0	0	0	0	0
"4cb24"	0	0	0	0	0	0	0	0.007938778429409	0	0.004994292237443	0	0	0	0	0	0	0	0.004795486600846	0	0	0	0	0	0	0	0
"1d98a"	0	0	0	0	0	0	0	0	0	0	0	0	0	0	0	0	0	0	0.000914160343724	0	0	0	0	0	0	0
"94adb"	0	0	0	0	0	0	0	0	0	0	0	0	0.015403638933051	0	0	0	0	0	0	0	0	0	0	0	0	0
"25463"	0	0.034608378870674	0	0.026457399103139	0	0	0	0	0.001175606171932	0	0	0	0.005758699876347	0	0	0	0	0.020521861777151	0	0	0	0	0	0	0.009819967266776	0
"2dfdf"	0	0.060109289617486	0	0	0	0	0	0	0	0	0	0	0	0	0	0	0	0.001198871650212	0	0	0	0	0	0	0	0
"be50d"	0	0	0	0	0.003735772641575	0	0	0	0	0	0	0	0	0	0	0.015452710048144	0.595505886857471	0	0	0	0	0	0	0	0	0
"80658"	0	0	0	0	0	0	0	0.004219711057073	0	0	0	0	0	0	0	0	0	0	0	0	0	0	0	0	0	0
"7dba2"	0.029492455418381	0	0	0	0.027354933314713	0.196933571759719	0	0	0	0	0	0	0	0	0	0	0	0	0	0	0	0	0	0	0	0
"5ed29"	0	0	0	0	0	0	0	0	0	0	0	0	0	0	0	0	0	0.011107193229901	0	0	0	0	0	0	0	0
"98303"	0	0	0	0	0	0	0	0	0	0	0	0	0	0.002396321322942	0.001288481892228	0	0	0	0	0	0	0	0	0	0	0
"3fccc"	0	0	0	0	0	0	0	0	0	0	0	0	0	0	0	0	0	0	0.000799890300759	0	0	0	0	0	0	0
"ddd69"	0	0	0	0	0	0	0	0.02131311686454	0	0	0	0	0.000989224518636	0	0	0	0	0	0.003885181460828	0	0	0	0	0	0	0
"33db5"	0	0	0	0	0	0	0	0	0	0	0	0	0	0.015306232594288	0.005199944779347	0	0	0	0	0	0	0	0	0	0	0
"58b07"	0	0	0	0	0	0	0	0	0	0	0	0	0	0	0	0	0	0	0	0	0.004087552742616	0	0	0	0	0
"e5746"	0	0.045537340619308	0	0.004035874439462	0	0	0	0.116435416964669	0	0.009332191780822	0	0	0.021868927751281	0	0.003290230546224	0	0	0.011248236953456	0.05361550415943	0	0.00540611814346	0	0	0	0.013911620294599	0
"974a1"	0	0	0	0	0	0	0	0	0	0	0	0	0.000529941706412	0	0	0	0	0	0.002856751074138	0	0	0	0	0	0	0
"a36db"	0	0	0	0	0	0	0.004050632911392	0	0.004996326230713	0	0	0	0	0	0.000368137683494	0	0	0	0	0	0	0	0	0	0.004909983633388	0
"f18ab"	0	0	0	0	0	0	0	0	0	0	0	0	0	0	0.00223183470618	0	0	0	0	0	0.001977848101266	0	0	0	0	0
"3b0ae"	0	0	0	0	0	0	0	0	0	0	0	0	0	0	0.000989370024389	0	0	0.004478138222849	0	0	0.004614978902954	0	0	0	0	0
"f5fd2"	0	0	0	0	0	0	0	0	0	0.0037100456621	0	0	0	0	0	0	0	0	0	0	0	0	0	0	0	0
"91a1b"	0	0	0	0	0	0	0	0	0	0	0	0	0.006217982688571	0	0	0	0	0.001304654442877	0	0	0	0	0	0	0	0
"36ede"	0	0	0	0	0	0	0	0	0	0	0	0	0	0	0	0	0	0	0.000868452326538	0	0	0	0	0	0	0
"aee85"	0	0	0.011156186612576	0	0	0	0	0	0	0	0	0	0	0	0	0	0	0	0	0	0	0	0	0	0	0
"f326c"	0	0	0	0	0	0	0	0.00200257473895	0	0	0	0	0	0	0	0	0	0	0	0	0	0	0	0	0	0
"78dfd"	0	0	0	0	0	0	0	0	0	0.004594748858447	0	0	0	0	0	0	0	0	0	0	0.003428270042194	0	0	0	0	0
"b64b8"	0	0	0	0	0	0	0	0	0.005547391623806	0	0	0	0	0.183739556572613	0	0	0	0	0	0	0	0	0	0	0	0
"05135"	0	0	0	0	0	0	0	0	0	0.001455479452055	0	0	0	0	0	0	0	0	0	0	0	0	0	0	0	0
"ab7d8"	0	0	0	0	0	0	0	0	0	0	0	0	0	0	0	0	0	0	0	0	0.00210970464135	0	0	0	0	0
"4d2fe"	0	0	0	0	0.053802108791286	0	0	0	0	0	0	0	0	0	0	0	0	0	0	0	0	0.013250405624662	0	0	0	0
"a6215"	0	0	0	0	0	0	0	0	0	0	0	0	0	0	0.002876075652294	0	0	0	0	0	0	0	0	0	0	0
"8f04c"	0	0	0	0	0	0	0	0	0.001726671565026	0	0	0	0	0.033311025236934	0.002553955179237	0	0	0	0.000479934180455	0	0	0	0	0	0	0
"49fe1"	0	0	0	0	0.125235667900286	0.630025167229618	0	0	0	0	1	0	0	0	0	0.776751048299425	0.404039437158993	0	0	0	0	0.627095727420227	0.543536914397842	1	0	0
"12630"	0	0.025500910746812	0	0	0	0	0	0.001716492633386	0	0	0	0	0.003285638579756	0	0	0	0	0	0.000434226163269	0	0	0	0	0	0	0
"1d34a"	0	0	0.003042596348884	0	0	0	0	0.017379487913031	0.003490080822924	0	0	0	0.006606606606607	0	0	0	0	0.014633286318759	0.009095895420057	0	0	0	0	0	0.180851063829787	0.030129482071713
"f26c4"	0	0.054644808743169	0.00946585530764	0	0	0	0	0	0	0.000570776255708	0	0	0.009962904080551	0	0	0	0	0	0.002331108876497	0	0	0	0	0	0.004091653027823	0
"97682"	0	0	0	0	0	0	0	0	0	0.002054794520548	0	0	0	0	0	0	0	0	0	0	0	0	0	0	0	0
"16a83"	0	0	0	0	0	0	0	0	0	0.000399543378995	0	0	0.040098922451864	0	0	0	0	0	0	0	0	0	0	0	0	0
"edc62"	0	0	0	0	0	0	0	0.00264625947647	0	0	0	0	0	0	0	0	0	0.012235543018336	0	0	0	0	0	0	0	0
"00c8b"	0	0	0	0	0	0	0	0.002145615791732	0	0	0	0	0.004133545310016	0	0	0	0	0	0	0	0	0	0	0	0	0
"e32eb"	0	0	0	0.194170403587444	0	0	0	0	0	0	0	0	0.000247306129659	0	0.000299111867839	0	0	0	0	0	0	0	0	0	0.112111292962357	0
"6a6f2"	0	0	0	0	0	0	0	0	0	0	0	0	0	0	0	0	0	0	0	0	0	0	0	0	0	0.050049800796813
"af2c5"	0	0	0	0	0	0	0	0	0	0	0	0	0	0	0	0	0	0	0	0.006884574830987	0	0	0	0	0	0
"2ecff"	0	0	0	0	0	0.017931651102722	0	0	0	0	0	0	0	0	0	0	0	0	0	0	0	0	0	0	0	0
"a42cd"	0.358710562414266	0.058287795992714	0.014536849222448	0.006726457399103	0.002618532225403	0.043198225048017	0	0	0	0	0	0	0	0	0	0.029585339338407	0	0	0	0	0	0.141698215251487	0	0	0	0
"cd7d2"	0	0	0	0	0	0	0	0.001287369475039	0	0	0	0	0	0	0	0	0	0	0	0	0	0	0	0	0	0
"68cc5"	0	0	0	0	0	0	0	0	0	0	0	0	0	0	0	0	0	0.000599435825106	0.000822744309352	0	0	0	0	0	0	0
"b7a02"	0	0	0	0	0	0	0	0	0.011204996326231	0	0	0	0	0	0	0	0	0	0	0	0	0	0	0	0	0
"adf84"	0	0	0	0	0	0	0	0	0	0	0	0	0	0	0	0	0	0	0	0	0.025184599156118	0	0	0	0	0
"d6d02"	0	0	0	0	0	0	0	0.002217136318123	0	0	0	0	0.003038332450097	0	0	0	0	0	0	0	0	0	0	0	0	0
"7e610"	0	0	0	0	0	0	0	0	0	0	0	0	0	0.002050905636752	0	0	0	0	0	0	0	0	0	0	0	0
"ddf27"	0	0	0	0	0	0	0	0	0	0	0	0	0.002190425719837	0	0	0	0	0	0.000159978060152	0	0	0	0	0	0	0
"41acc"	0	0	0	0	0	0.000248360818597	0	0	0	0	0	0	0	0	0	0	0	0	0	0	0	0	0	0	0	0
"b338c"	0	0	0	0	0	0	0.036151898734177	0	0.019801616458486	0	0	0	0	0	0	0	0	0	0	0.001426533523538	0	0	0	0	0	0.091633466135458
"7f7d4"	0	0	0	0	0	0	0.002430379746835	0	0	0.000513698630137	0	0	0	0.009045573282097	0	0	0	0	0	0	0	0	0	0	0	0
"eec4c"	0	0	0	0	0	0	0	0	0	0	0	0	0	0	0	0	0	0	0.000479934180455	0	0	0	0	0	0	0
"72335"	0	0	0	0	0	0	0.001417721518987	0	0	0.001769406392694	0	0	0.002685037979156	0	0	0	0	0.00148095909732	0.004662217752994	0	0	0	0	0	0	0
"33fa9"	0	0	0	0	0	0	0	0	0.000551065393093	0	0	0	0	0	0.002001748653997	0	0	0	0	0	0	0	0	0	0	0
"98fa8"	0	0	0	0	0	0	0	0	0	0.000599315068493	0	0	0	0	0	0	0	0	0	0	0.006988396624473	0	0	0	0	0
"b9559"	0	0	0.023664638269101	0	0	0	0	0	0	0	0	0	0	0	0	0	0	0.001551480959097	0	0	0	0	0	0	0	0
"4ba84"	0	0	0	0	0	0	0	0	0	0	0	0	0	0	0	0	0	0.003314527503526	0	0.004341623767289	0	0	0	0	0	0
"1de1b"	0	0	0	0	0	0	0	0	0	0	0	0	0	0	0	0	0	0.001304654442877	0	0	0	0	0	0	0	0
"58d33"	0	0	0	0	0	0	0	0	0	0	0	0	0	0	0	0	0	0.002045133991537	0	0	0	0	0	0	0	0
"6ed1a"	0	0	0	0	0	0	0	0	0	0.001312785388128	0	0	0	0.00248267524449	0	0	0	0	0.0013255324984	0	0	0	0	0	0	0
"1bc9e"	0	0	0.015212981744422	0	0	0	0	0	0	0	0	0	0	0	0	0	0	0.0024682651622	0.002034006764787	0	0	0	0	0	0	0
"a1900"	0.008230452674897	0	0	0	0	0	0	0	0	0	0	0	0	0	0	0	0	0	0	0	0	0	0	0	0	0
"20019"	0	0	0	0	0	0	0	0	0	0	0	0	0	0	0.002415903547927	0	0	0	0.002536794953835	0	0	0	0	0	0	0
"eaf2e"	0	0	0	0	0	0	0	0	0	0.009046803652968	0	0	0	0	0	0	0	0	0	0	0	0	0	0	0	0
"ec8c6"	0	0.036429872495446	0	0	0	0	0	0	0	0	0	0	0.002685037979156	0	0	0	0	0	0.000891306335131	0	0	0	0	0	0	0
"a4b58"	0	0	0	0.01390134529148	0	0	0	0	0	0.00587899543379	0	0	0.0229641406112	0	0	0	0	0	0	0	0	0	0	0	0	0
"71cd6"	0	0	0	0	0	0	0	0	0	0	0	0	0.005970676558912	0	0	0	0	0	0.001462656549959	0	0	0	0	0	0	0
"8f757"	0	0	0	0	0	0	0	0	0	0	0	0	0	0.001899786274044	0	0	0	0	0	0	0	0	0	0	0	0
"f488b"	0	0	0	0	0	0	0	0	0	0	0	0	0	0	0	0	0	0	0.000274248103117	0	0	0	0	0	0	0
"dbd65"	0	0	0	0	0	0	0	0	0	0	0	0	0	0	0	0	0	0.004055007052186	0	0	0	0	0	0	0	0
"4510b"	0	0	0	0.009417040358744	0	0	0	0	0	0.001027397260274	0	0	0	0	0	0	0	0	0	0	0	0	0	0	0	0
"3f2a2"	0	0	0	0	0	0	0	0.035760263195537	0.003343130051433	0.045405251141553	0	0	0.025472531354884	0	0.009341493718651	0	0	0.026410437235543	0.018923119115093	0	0.026898734177215	0	0	0	0.019639934533552	0
"252c1"	0	0	0	0	0	0	0	0	0	0.003966894977169	0	0	0	0	0	0	0	0	0	0	0	0	0	0	0	0
"2306b"	0	0	0	0	0	0	0	0	0	0.000913242009132	0	0	0	0	0.002277851916617	0	0	0	0	0	0.003164556962025	0	0	0	0	0
"11dd3"	0	0	0	0	0	0	0	0	0	0	0	0	0	0	0	0	0	0	0.000434226163269	0	0	0	0	0	0	0
"192fb"	0	0	0	0	0	0	0	0.004076670004291	0	0	0	0	0	0	0	0	0	0	0.000754182283573	0	0	0	0	0	0	0
"212da"	0	0	0	0.108520179372197	0	0	0	0	0.136994856722998	0.007077625570776	0	0	0	0	0	0	0	0	0	0	0	0	0	0	0	0
"58536"	0	0	0	0	0	0	0	0	0	0	0	0	0	0	0	0	0	0.001692524682652	0	0	0	0	0	0	0	0
"af402"	0	0	0	0	0	0	0	0	0	0	0	0	0	0	0.000759283972206	0	0	0	0	0	0	0	0	0	0	0
"a3c10"	0	0	0	0	0	0	0	0	0	0	0	0	0	0	0	0	0	0	0.00029710211171	0	0	0	0	0	0	0
"1c4ac"	0	0	0	0.069506726457399	0	0	0	0	0	0.007848173515982	0	0	0	0	0	0	0	0	0	0	0	0	0	0	0	0
"a6255"	0	0	0	0	0	0	0	0	0	0	0	0	0	0	0	0	0	0	0	0	0	0	0	0	0	0.011205179282869
"7f0d5"	0	0	0	0	0	0	0	0	0	0	0	0	0	0	0	0	0	0	0.000274248103117	0	0	0	0	0	0	0
"3dc25"	0	0	0	0.004035874439462	0	0	0	0	0	0.003966894977169	0	0	0	0	0.000437163499149	0	0	0	0	0.004713762947342	0.010680379746836	0	0	0	0	0
"3176f"	0	0	0	0	0	0	0	0	0	0	0	0	0.000282635576753	0	0	0	0	0	0	0	0	0	0	0	0	0
"c2e94"	0	0	0	0	0	0	0	0	0	0	0	0	0	0	0	0	0	0.012270803949224	0	0	0	0	0	0	0	0
"b0f0e"	0	0	0	0.008071748878924	0	0	0	0	0	0.007220319634703	0	0	0	0	0.001173438866136	0	0	0	0	0	0	0	0	0	0	0
"423ba"	0	0	0	0	0	0	0	0.003719067372336	0	0	0	0	0	0	0	0	0	0	0	0	0	0	0	0	0	0
"5fb2d"	0	0	0	0	0	0	0	0	0	0	0	0	0	0	0	0.007687529119428	0	0	0	0	0	0	0	0	0	0
"22e89"	0	0	0.005409060175794	0.004035874439462	0	0	0	0	0	0	0	0.017085813015934	0	0	0	0	0	0	0	0	0	0	0	0	0	0
"6018a"	0	0	0	0	0	0	0	0	0	0.000456621004566	0	0	0	0	0	0	0	0	0	0	0	0	0	0	0	0
"9f859"	0	0	0.003042596348884	0	0	0	0	0	0	0.00921803652968	0	0.204069879055481	0	0.027568489454027	0	0	0	0.003138222849083	0	0.202195621162315	0	0	0	0	0.076104746317512	0.084661354581673
"15412"	0	0	0	0	0	0	0	0	0	0	0	0	0	0	0	0	0	0	0.00338239327178	0	0	0	0	0	0	0
"4ce3f"	0	0	0	0	0	0	0.006886075949367	0	0	0.007562785388128	0	0	0	0	0.004072523123648	0	0	0	0	0	0.003955696202532	0	0	0	0	0
"ad1e2"	0	0	0	0	0	0	0	0	0	0	0	0	0.010740151916623	0	0	0	0	0	0.002034006764787	0	0	0	0	0	0	0
"a1876"	0	0	0	0	0	0	0.008810126582278	0	0	0	0	0	0	0	0	0	0	0	0	0	0	0	0	0	0	0
"d4ad5"	0	0	0	0	0	0	0	0	0	0	0	0	0	0	0	0	0	0.0012341325811	0	0	0	0	0	0	0	0
"79729"	0	0	0	0	0	0	0	0	0	0	0	0	0	0	0	0	0	0	0	0	0.006988396624473	0	0	0	0	0
"ef79e"	0	0	0	0	0	0	0	0	0	0.000570776255708	0	0	0	0	0	0	0	0	0	0	0	0	0	0	0	0
"71645"	0	0	0	0	0	0	0	0	0	0	0	0	0	0	0.006948598775942	0	0	0	0	0	0.000791139240506	0	0	0	0	0
"750d9"	0	0	0	0.006726457399103	0	0	0	0	0	0	0	0	0	0	0	0	0	0	0	0	0	0	0	0	0	0.110806772908367
"76f7d"	0	0.043715846994536	0	0	0	0	0	0	0	0	0	0	0	0.00103624705857	0	0	0	0	0	0	0	0	0	0	0.010638297872341	0
"c844f"	0	0	0	0	0	0	0	0.017737090544987	0	0.019606164383562	0	0	0.008302420067126	0	0.000828309787861	0	0	0	0.005393546027973	0	0	0	0	0	0	0
"86ddf"	0	0	0	0	0	0	0	0	0	0	0	0	0	0	0	0	0	0	0.0006627662492	0	0	0	0	0	0	0
"78883"	0	0	0	0	0	0	0	0.012730653697611	0	0.003481735159817	0	0	0.000918565624448	0	0.000460172104367	0	0	0	0.000594204223421	0	0.00210970464135	0	0	0	0	0
"81ebe"	0	0	0	0	0	0	0	0.008797024746102	0	0	0	0	0	0	0	0	0	0	0	0	0	0	0	0	0	0
"c0dad"	0	0	0	0	0	0	0	0	0	0	0	0	0	0	0	0	0	0	0	0	0.014899789029536	0	0	0	0	0
"dae68"	0	0	0	0	0	0	0	0.004076670004291	0	0	0	0	0	0	0	0	0	0	0	0	0	0	0	0	0	0
"2fc22"	0	0	0	0	0.003316807485511	0.010100006622955	0	0	0	0	0	0	0	0	0	0	0	0	0	0	0	0	0	0	0	0
"72795"	0.067901234567901	0	0.031778228532793	0	0.139131345576426	0.032750513279025	0	0	0.005143277002204	0	0	0.023229026684584	0	0	0	0.017782264326759	0	0	0	0	0	0.028664142779881	0	0	0	0
"7c2b6"	0	0	0	0	0	0	0	0	0	0	0	0	0	0	0	0	0	0.00074047954866	0	0	0.000527426160338	0	0	0	0	0
"64fce"	0	0	0	0	0	0	0	0	0	0.051997716894977	0	0	0.03734322557852	0	0.045004831807096	0	0	0.002750352609309	0.001119846421062	0	0.143196202531646	0	0	0	0	0
"cb02e"	0	0	0	0	0.003770686404581	0	0	0	0	0	0	0	0	0	0	0	0	0	0	0	0	0	0	0	0	0
"b9d3b"	0	0	0	0	0	0	0	0	0.005694342395298	0	0	0	0	0	0	0	0	0	0	0	0.001714135021097	0	0	0	0	0
"302bc"	0	0	0	0	0.002304308358355	0	0	0	0	0	0	0	0	0	0	0	0	0	0	0	0	0	0	0	0	0
"fce1d"	0	0	0	0.002690582959641	0	0	0	0	0	0.003424657534247	0	0	0	0	0.001656619575721	0	0	0	0	0.203994293865906	0	0	0	0	0	0
"2ecc2"	0	0	0	0	0.002374135884366	0.01087820385456	0	0	0	0	0	0	0	0	0	0	0	0	0	0	0	0	0	0	0	0
"16182"	0	0	0	0	0	0	0	0.002217136318123	0	0.000456621004566	0	0	0.000812577283166	0	0	0	0	0	0.000708474266386	0	0	0	0	0	0	0
"78bc1"	0	0	0	0	0	0	0	0	0.024357090374725	0.000199771689498	0	0	0	0	0	0	0	0.0037023977433	0	0.04006698505241	0	0	0	0	0	0
"aa3eb"	0	0	0	0	0	0	0	0	0	0	0	0	0	0	0	0	0	0.001128349788434	0	0	0	0	0	0	0	0
"9af1c"	0	0	0	0	0	0	0.006177215189873	0	0	0	0	0.025340756383183	0	0	0	0	0	0.004795486600846	0	0	0	0	0	0	0	0
"df0ed"	0	0	0.005747126436782	0	0	0	0	0	0.000661278471712	0	0	0	0	0	0	0	0	0.001163610719323	0	0	0	0	0	0	0	0
"801ac"	0	0	0	0	0	0	0	0	0	0	0	0	0	0	0.007845934379458	0	0	0	0	0.003535322210507	0.033095991561182	0	0	0	0	0
"db926"	0	0	0.011156186612576	0	0	0	0	0	0.001836884643644	0	0	0	0	0.00103624705857	0	0	0	0	0	0	0	0	0	0	0	0
"491fc"	0	0	0.011156186612576	0	0	0	0	0	0.00139603232917	0	0	0	0	0	0	0	0	0	0	0	0	0	0	0	0	0
"e09ba"	0	0	0	0	0	0	0	0	0	0	0	0.033211748896141	0	0	0	0	0	0	0	0	0	0	0	0	0	0
"96e51"	0	0	0	0	0	0	0	0	0	0	0	0	0.002119766825649	0	0	0	0	0	0	0	0	0	0	0	0	0
"86e74"	0	0	0	0	0	0	0	0	0	0	0	0	0.006182653241477	0	0	0	0	0	0.001462656549959	0	0	0	0	0	0	0
"037f9"	0	0	0	0	0	0	0	0	0	0	0	0	0.001907790143084	0	0	0	0	0	0	0	0	0	0	0	0	0
"f3864"	0	0	0	0	0	0	0	0	0	0	0	0	0	0	0	0	0	0	0	0.02121193326304	0	0	0	0	0	0
"dbbad"	0	0	0	0	0	0	0	0	0	0.001598173515982	0	0	0	0	0	0	0	0	0	0	0	0	0	0	0	0
"f64e5"	0	0	0	0	0	0	0	0	0	0	0	0	0	0	0	0	0.000454675983536	0	0	0	0	0	0	0	0	0
"716fa"	0	0	0	0	0	0	0	0	0	0	0	0	0.001625154566331	0	0	0	0	0	0.000868452326538	0	0	0	0	0	0	0
"cbef0"	0	0	0	0	0	0	0	0	0	0.002311643835616	0	0	0	0	0.001081404445263	0	0	0	0	0	0	0	0	0	0	0
"fd087"	0	0	0	0	0	0	0	0	0	0.00365296803653	0	0	0	0	0	0	0	0.001516220028209	0	0	0	0	0	0	0	0
"d10e9"	0	0	0	0	0	0	0.030075949367089	0	0	0.000884703196347	0	0	0	0	0	0	0	0	0	0.013024871301867	0	0	0	0	0	0
"88adc"	0.093278463648834	0	0	0	0.046348020389638	0.027617723028015	0	0	0	0	0	0	0	0	0	0.025547445255475	0	0	0	0	0	0.018929150892374	0.364728967377974	0	0	0
"26c85"	0	0	0	0	0	0	0	0.002217136318123	0	0	0	0	0	0	0	0	0	0	0	0	0	0	0	0	0	0
"79e74"	0	0	0	0	0	0	0	0.029824059505078	0.001726671565026	0.003624429223744	0	0	0.002119766825649	0	0.002576963784455	0	0	0.001269393511989	0.003953743486608	0	0	0	0	0	0	0
"28a55"	0	0	0	0	0	0	0	0	0	0	0	0	0.000918565624448	0	0	0	0	0	0	0	0	0	0	0	0	0
"018e5"	0	0	0	0	0	0	0	0.004076670004291	0	0	0	0	0	0	0	0	0	0	0	0	0	0	0	0	0	0
"82397"	0	0	0	0	0	0	0	0	0	0.00296803652968	0	0	0	0	0	0	0	0.002080394922426	0	0	0	0	0	0	0	0
"25843"	0	0	0	0	0	0	0	0	0	0	0	0	0	0	0.000184068841747	0	0	0	0	0	0	0	0	0	0	0
"51606"	0	0	0	0	0	0	0	0.036046345301102	0.002461425422483	0.001940639269406	0	0	0.001342518989578	0	0.001150430260918	0	0	0.000564174894217	0	0	0	0	0	0	0	0
"e70c2"	0	0	0	0	0	0	0	0	0	0	0	0	0.030983925101572	0	0	0	0	0	0	0	0	0	0	0	0	0
"dfede"	0	0	0	0	0	0	0	0	0	0	0	0	0.001095212859919	0	0	0	0	0	0.000571350214828	0	0	0	0	0	0	0
"28641"	0	0	0	0.008071748878924	0	0	0	0	0.03321087435709	0.014754566210046	0	0	0	0.068521836747911	0.02931296304818	0	0	0	0	0	0	0	0	0	0	0
"0d875"	0	0	0	0	0	0	0	0.038907166356744	0	0.019977168949772	0	0	0	0	0.001035387234826	0	0	0.001410437235543	0	0	0	0	0	0	0	0
"3bece"	0	0	0	0	0	0	0	0.003719067372336	0	0	0	0	0	0	0	0	0	0	0	0	0	0	0	0	0	0
"6f8b6"	0	0	0	0	0	0	0	0	0	0.001027397260274	0	0	0	0	0.007776908563803	0	0	0	0	0.004093530980587	0.010021097046414	0	0	0	0	0
"65432"	0	0	0	0	0	0	0	0	0	0	0	0	0	0	0	0	0	0	0	0	0	0	0	0	0	0.036354581673307
"03167"	0	0	0	0	0	0	0	0	0	0	0	0	0	0	0.00041415489393	0	0	0	0	0	0	0	0	0	0	0
"9743a"	0	0	0	0.01390134529148	0	0	0	0	0.002718589272594	0.192408675799087	0	0.020733346131695	0	0	0	0	0	0.03268688293371	0	0	0	0	0	0	0	0
"f467c"	0	0	0	0	0	0	0	0.001144328422257	0	0.020405251141553	0	0	0	0	0	0	0	0	0.003930889478014	0	0	0	0	0	0	0
"00d8d"	0	0	0	0	0	0	0	0	0.001800146950772	0.006678082191781	0	0	0	0	0	0	0	0	0	0	0	0	0	0	0	0
"cf9bf"	0	0	0	0	0	0	0	0	0	0.006078767123288	0	0	0	0	0.001495559339193	0	0	0	0	0	0	0	0	0	0	0
"ea5f1"	0	0	0	0	0	0	0	0	0	0.001598173515982	0	0	0	0	0	0	0	0	0	0	0	0	0	0	0	0
"b2815"	0	0	0	0	0	0	0	0	0	0	0	0	0.002084437378555	0	0	0	0	0	0	0	0	0	0	0	0	0
"2b962"	0	0	0	0	0	0	0	0.005364039479331	0	0	0	0	0	0	0	0	0	0	0	0	0	0	0	0	0	0
"48bf5"	0.013717421124829	0	0	0	0	0	0	0	0	0	0	0	0	0	0	0	0	0	0	0	0	0	0	0	0	0
"4a16b"	0	0	0	0	0	0	0	0	0	0	0	0	0.000635930047695	0	0	0	0	0	0.000731328274979	0	0	0	0	0	0	0
"de28a"	0	0	0	0	0	0	0	0	0	0	0	0	0	0	0.00041415489393	0	0	0	0	0	0	0	0	0	0	0
"a777b"	0	0	0.019945909398242	0	0	0	0	0	0	0	0	0	0.002755696873344	0.000626065931219	0.002968110073167	0	0	0	0	0	0	0	0	0	0	0
"11b8d"	0	0	0	0	0	0	0	0	0	0	0	0	0	0	0.003083153099259	0	0	0	0	0	0	0	0	0	0	0
"f757e"	0	0	0	0	0	0	0	0	0	0	0	0	0.001907790143084	0	0.006327366435047	0	0	0.00098730606488	0.002445378919462	0	0	0	0	0	0	0
"5de04"	0	0	0	0	0	0.002036558712498	0	0	0	0	0	0	0	0	0	0	0	0	0	0	0	0	0	0	0	0
"d6aa7"	0	0	0	0	0	0	0	0	0	0	0	0	0	0	0	0	0	0.002644569816643	0	0	0	0	0	0	0	0
"6ace3"	0	0	0	0	0.000576077089589	0	0	0	0	0	0	0	0	0	0	0	0	0	0	0	0	0	0	0	0	0
"a5d95"	0	0	0.00946585530764	0	0	0	0	0	0	0.0037100456621	0	0	0	0	0	0	0	0	0	0	0	0	0	0	0	0
"2c943"	0	0	0	0	0	0	0	0	0	0.000171232876712	0	0	0	0	0	0	0	0.002115655853315	0	0	0	0	0	0	0	0
"0fc0d"	0	0	0	0	0	0	0.011240506329114	0	0	0	0	0	0	0	0	0	0	0	0	0	0	0	0	0	0	0
"d57aa"	0	0	0	0	0	0	0	0	0	0	0	0	0	0	0	0	0	0.00148095909732	0.000548496206235	0	0	0	0	0	0	0
"80025"	0	0	0	0	0	0	0	0	0	0.000456621004566	0	0	0	0.00943416592906	0.003359256361879	0	0	0	0	0	0.006197257383966	0	0	0	0	0
"ef9b6"	0	0	0	0	0	0	0	0	0	0	0	0	0	0	0	0	0	0	0	0	0.001714135021097	0	0	0	0	0
"b56ce"	0	0	0	0	0	0	0	0.00464883421542	0	0	0	0	0.005652711535064	0	0	0	0	0	0	0	0	0	0	0	0	0
"ed609"	0	0	0	0	0	0	0	0	0	0	0	0	0	0	0.002784041231421	0	0	0	0	0	0	0	0	0	0	0
"797ef"	0	0.016393442622951	0	0	0	0	0	0.005435560005722	0	0	0	0	0	0	0	0	0	0.035225669957687	0	0	0	0	0	0	0.037643207855974	0
"99099"	0	0	0	0	0	0	0.027848101265823	0	0	0.000941780821918	0	0.108466116337109	0	0	0	0	0	0.0037023977433	0	0.001054394343484	0	0	0	0	0	0
"21f1f"	0	0	0	0	0	0	0.001417721518987	0	0	0	0	0	0	0	0	0	0	0	0	0	0	0	0	0	0	0
"25b7a"	0	0	0	0	0	0	0	0	0	0.004166666666667	0	0	0	0	0	0	0	0	0	0	0	0	0	0	0	0
"2dd59"	0	0	0	0	0	0	0	0	0	0	0	0	0.000388623918036	0	0	0	0	0	0	0	0	0	0	0	0	0
"cfd48"	0	0	0	0	0	0	0	0	0	0	0	0	0	0	0.002185817495743	0	0	0	0.000594204223421	0	0	0	0	0	0	0
"0a5cb"	0	0	0	0	0	0	0	0.002145615791732	0	0	0	0	0.001059883412825	0	0	0	0	0	0.0019882987476	0	0	0	0	0	0	0
"0a41a"	0	0	0	0	0	0	0	0.040766700042912	0	0.015382420091324	0	0	0.002225755166932	0	0	0	0	0	0.007656092878691	0	0.008438818565401	0	0	0	0	0
"852b8"	0	0	0	0	0	0	0	0	0	0	0	0	0	0	0	0	0	0	0.001599780601518	0	0	0	0	0	0	0
"e8533"	0	0	0	0	0	0	0	0	0	0	0	0	0	0	0	0	0	0.000564174894217	0	0	0	0	0	0	0	0
"d6978"	0	0	0	0	0	0	0	0	0	0	0	0	0	0	0	0	0	0	0.004296553615504	0	0	0	0	0	0	0
"4adde"	0	0	0	0.013452914798206	0	0	0	0	0	0.011558219178082	0	0	0.145521992580816	0	0	0	0	0.10271509167842	0.17417039948807	0	0	0	0	0	0.042553191489362	0
"d00ac"	0	0	0	0.052017937219731	0	0	0	0	0	0	0	0	0	0	0	0	0	0	0	0	0	0	0	0	0	0
"f0540"	0	0	0	0	0	0	0	0	0	0	0	0	0	0	0	0	0	0	0.000937014352317	0	0	0	0	0	0	0
"6a8e9"	0	0	0	0	0	0	0	0.001501931054213	0	0	0	0	0	0	0	0	0	0	0	0	0	0	0	0	0	0
"6202a"	0	0	0	0	0	0	0	0	0	0	0	0	0	0	0	0	0	0	0	0.002542951063698	0	0	0	0	0	0
"5379e"	0	0	0	0	0	0	0	0.000143041052782	0	0	0	0	0.00084790673026	0	0	0	0	0	0	0	0	0	0	0	0	0
"4e630"	0	0	0	0	0	0	0	0.002431697897297	0	0	0	0	0	0	0	0	0	0	0.000137124051559	0	0	0	0	0	0	0
"aaef8"	0	0	0	0	0	0	0	0	0	0.012671232876712	0	0	0	0	0	0	0	0.000599435825106	0	0	0	0	0	0	0	0
"086ec"	0	0	0	0	0	0	0	0	0	0	0	0	0	0	0.134163177028209	0	0	0	0	0	0	0	0	0	0	0
"375c3"	0	0	0	0	0	0	0	0.002574738950079	0	0.00074200913242	0	0	0	0	0	0	0	0	0.000799890300759	0	0	0	0	0	0	0
"42124"	0	0	0	0.00627802690583	0	0	0	0	0	0	0	0.017853714724515	0	0	0	0	0	0.000599435825106	0	0	0	0	0	0	0	0
"73595"	0	0	0	0	0	0	0	0	0	0	0	0	0.001059883412825	0	0	0	0	0	0.001759758661669	0	0	0	0	0	0	0
"180da"	0	0	0	0	0	0	0	0	0	0.001826484018265	0	0	0	0	0.002784041231421	0	0	0	0	0.001612603113564	0.006988396624473	0	0	0	0	0
"c48f0"	0	0	0.014874915483435	0.008520179372197	0	0	0	0	0	0	0	0	0	0	0	0	0	0	0	0	0	0	0	0	0	0
"0c22b"	0	0	0	0	0	0	0	0	0	0	0	0	0.004804804804805	0	0	0	0	0	0	0	0	0	0	0	0	0
"e6c75"	0	0	0	0	0	0.012550500033115	0	0	0	0	0	0	0	0	0	0	0	0	0	0	0	0	0	0	0	0
"d650d"	0	0	0	0	0	0	0.013367088607595	0	0	0	0	0	0	0	0	0	0	0	0	0.006512435650933	0	0	0	0	0	0.027639442231076
"c4147"	0	0	0	0	0	0	0	0	0	0	0	0	0.004804804804805	0	0	0	0	0	0.000228540085931	0	0	0	0	0	0	0
"889b5"	0	0	0	0	0	0	0	0	0	0	0	0	0	0	0	0	0	0	0.006376268397477	0	0	0	0	0	0	0
"e176d"	0	0	0	0	0	0	0	0	0	0.001997716894977	0	0	0	0	0	0	0	0	0	0	0	0	0	0	0	0
"c0d02"	0	0	0	0	0	0	0	0.003432985266772	0	0	0	0	0.001731142907614	0	0	0	0	0	0.000708474266386	0	0	0	0	0	0	0
"7540f"	0	0	0	0	0	0	0	0	0.005914768552535	0	0	0	0	0	0	0	0	0.005641748942172	0	0	0	0	0	0	0.032733224222586	0
"1cfbf"	0	0	0	0	0	0	0	0	0	0	0	0	0	0	0	0	0	0	0.000479934180455	0	0	0	0	0	0	0
"cae49"	0	0	0	0	0.00279310104043	0	0	0	0	0	0	0	0	0	0	0.016772790806026	0	0	0	0	0	0	0	0	0	0
"1f616"	0	0	0	0	0	0	0	0	0	0	0	0	0	0	0	0	0	0	0	0	0	0	0	0	0.010638297872341	0
"94a41"	0	0	0	0	0	0	0	0	0.002387950036738	0	0	0	0	0	0	0	0	0	0	0	0	0	0	0	0	0
"847ac"	0	0	0	0	0	0	0	0	0.001726671565026	0	0	0	0	0	0	0	0	0	0	0	0	0	0	0	0	0
"59424"	0	0	0	0	0	0	0	0	0	0	0	0	0	0	0.001702636786158	0	0	0	0	0	0.006988396624473	0	0	0	0	0
"1b0d6"	0	0	0	0	0	0	0	0	0	0	0	0	0	0	0	0	0	0	0.042531309991773	0	0	0	0	0	0	0
"4b70c"	0	0	0	0	0	0	0	0	0	0	0	0	0	0	0	0	0	0.002080394922426	0	0	0	0	0	0	0	0
"fd93d"	0	0	0.007775524002705	0	0	0	0	0	0	0	0	0	0	0	0	0	0	0	0	0	0	0	0	0	0	0
"e92a2"	0	0	0	0	0	0	0	0	0	0	0	0	0	0	0.065068335557499	0	0	0	0	0	0	0	0	0	0	0
"aafb5"	0	0	0	0.031838565022422	0	0	0	0	0	0	0	0	0	0	0.001656619575721	0	0	0	0	0	0	0	0	0	0	0
"b52cb"	0	0	0	0	0.092329446267719	0	0	0	0	0	0	0	0	0	0	0.035952787699954	0	0	0	0	0	0.026230394808004	0	0	0	0
"4d0a2"	0	0	0	0.031390134529148	0	0	0	0	0	0	0	0	0	0	0	0	0	0	0	0	0	0	0	0	0	0
"38d50"	0	0	0	0	0	0	0	0	0	0.002026255707763	0	0	0	0	0.003382264967098	0	0	0	0	0	0.066323839662447	0	0	0	0	0
"de9e7"	0	0	0	0	0	0	0	0	0	0	0	0	0	0	0	0	0	0	0.000479934180455	0	0	0	0	0	0	0
"0d760"	0	0.014571948998179	0	0	0	0	0	0	0.004812637766348	0.010730593607306	0	0	0.021939586645469	0	0.005153927568911	0	0	0.001692524682652	0.001371240515586	0	0.003955696202532	0	0	0	0.013911620294599	0
"fc410"	0	0	0	0	0	0	0	0	0	0	0	0	0	0	0	0	0	0	0.000434226163269	0	0	0	0	0	0	0
"21bbd"	0	0	0	0	0	0	0	0	0	0	0	0	0.000565271153506	0	0	0	0	0	0.000411372154676	0	0	0	0	0	0	0
"fc3b4"	0	0	0	0.004484304932735	0	0	0	0.002288656844514	0	0.010559360730594	0	0	0.002013778484367	0	0.000437163499149	0	0	0.001057827926657	0	0	0.005142405063291	0	0	0	0	0
"524ba"	0	0	0	0	0	0	0	0	0.000991917707568	0	0	0	0	0	0	0	0	0	0	0	0	0	0	0	0	0
"079a0"	0	0	0	0.013004484304933	0	0	0	0	0	0	0	0	0	0.008182034066622	0	0	0	0.001833568406206	0	0	0	0	0	0	0	0
"9d6df"	0	0	0	0	0	0	0	0	0	0	0	0	0	0	0	0	0	0	0.008410275162263	0	0	0	0	0	0	0
"813aa"	0	0	0	0	0	0	0	0	0	0	0	0	0	0	0.000782292577424	0	0	0.004090267983075	0	0	0	0	0	0	0	0
"778fd"	0.015089163237311	0	0	0	0	0.002417378634347	0	0	0	0	0	0	0	0	0	0	0	0	0	0	0	0	0	0	0	0
"7ea3d"	0	0	0.004056795131846	0	0	0	0	0	0	0.000684931506849	0	0	0	0.01804796960342	0.000506189314804	0	0	0.005394922425952	0	0	0	0	0	0	0	0
"7ae0a"	0	0	0	0	0	0	0	0	0	0	0	0	0	0	0	0	0	0.002327221438646	0.005256421976415	0	0	0	0	0	0	0
"c21b6"	0	0	0	0	0	0	0	0	0	0	0	0	0	0	0	0	0	0	0.002239692842125	0	0	0	0	0	0	0
"f7a13"	0	0	0	0	0	0	0	0.002288656844514	0	0	0	0	0	0	0	0	0	0	0	0	0	0	0	0	0	0.061752988047809
"22f9e"	0	0	0	0	0	0	0	0.003647546845945	0	0	0	0	0.000777247836071	0	0	0	0	0	0.004982173873297	0	0	0	0	0	0	0
"a018b"	0	0	0	0	0	0	0	0	0	0	0	0	0	0	0	0	0	0	0	0.001798672703591	0	0	0	0	0	0.01195219123506
"a4ed7"	0	0	0	0	0	0	0	0	0.001469507714916	0	0	0	0	0	0	0	0	0	0	0	0	0	0	0	0	0
"76c2a"	0	0	0	0	0	0	0	0	0	0.000970319634703	0	0	0	0	0.001932722838342	0	0	0	0	0	0	0	0	0	0	0
"3b0a3"	0	0	0	0	0	0	0	0	0	0	0	0	0	0	0	0	0	0.004478138222849	0.004319407624097	0	0	0	0	0	0	0
"878a0"	0	0	0	0	0	0	0	0	0.010617193240265	0	0	0	0.001589825119237	0	0	0	0	0.003596614950635	0.030030167291343	0	0	0	0	0	0	0
"c7a4a"	0	0	0.049695740365112	0	0	0	0	0	0.002204261572373	0	0	0	0	0	0	0	0	0.035331452750353	0	0	0	0	0	0	0.009819967266776	0
"82475"	0	0	0	0	0.001274352349696	0.006987217696536	0	0	0	0	0	0	0	0	0	0	0	0	0	0	0	0	0	0	0	0
"e4b39"	0	0	0	0	0	0	0	0	0	0.005764840182648	0	0	0	0	0	0	0	0	0	0	0.001582278481013	0	0	0	0	0
"8e994"	0	0	0	0	0	0	0	0.009369188957231	0	0	0	0	0	0	0	0	0	0.000176304654443	0	0	0	0	0	0	0	0
"18d02"	0	0	0	0	0	0	0	0.007223573165499	0	0	0	0	0.00042395336513	0	0	0	0	0.005112834978843	0	0	0	0	0	0	0	0
"aded8"	0	0	0	0	0	0	0	0	0	0.003795662100457	0	0	0	0	0	0	0	0.000775740479549	0	0	0	0	0	0	0.009819967266776	0
"41b83"	0	0	0	0	0	0	0	0	0	0	0	0	0	0	0	0	0	0	0	0	0.017009493670886	0	0	0	0	0
"570e8"	0	0	0	0	0	0	0	0	0	0	0	0	0	0.008592215193973	0.002830058441857	0	0	0	0	0	0.020701476793249	0	0	0	0	0
"1a7a9"	0	0	0	0	0.002618532225403	0	0	0	0	0	0	0	0	0	0	0	0	0	0	0	0	0	0	0	0	0
"a9940"	0	0	0	0	0	0	0	0	0	0	0	0	0	0.007555968135403	0	0	0	0	0	0	0	0	0	0	0	0
"a5ec2"	0	0	0	0	0	0	0	0.021456157917322	0	0	0	0	0	0	0.004256591965395	0	0	0.003631875881523	0.031629947892861	0.009303479501334	0.014899789029536	0	0	0	0	0.050796812749004
"657cc"	0	0	0	0	0	0	0	0	0	0	0	0	0	0	0.001265473287009	0	0	0	0	0	0	0	0	0	0	0
"fe4f0"	0	0	0	0	0	0	0.002329113924051	0	0.005620867009552	0	0	0.042234593971972	0.001377848436672	0	0	0	0	0.006981664315938	0.003770911417863	0.002480927867022	0	0	0	0	0.015548281505728	0
"d2276"	0	0	0	0	0	0	0	0	0	0	0	0	0	0	0	0	0	0	0.000959868360911	0	0	0	0	0	0	0
"1a30c"	0	0	0	0	0	0	0	0	0	0	0	0	0	0	0	0	0	0	0.001371240515586	0	0	0	0	0	0	0
"c3d83"	0	0	0	0	0	0	0	0	0.000844966936076	0	0	0	0	0	0	0	0	0	0	0	0	0	0	0	0	0
"54a55"	0	0	0	0.166816143497758	0	0	0	0	0	0.016381278538813	0	0	0	0	0	0	0	0	0	0	0	0	0	0	0	0
"de2a2"	0	0	0	0	0	0	0	0	0	0	0	0	0	0	0	0	0	0	0.000251394094524	0	0	0	0	0	0	0
"bf3ac"	0	0	0	0	0.000890300956637	0	0	0	0	0	0	0	0	0	0	0.00163068799503	0	0	0	0	0	0	0	0	0	0
"87d15"	0	0	0	0	0	0	0	0	0	0	0	0	0	0	0	0	0	0	0.001782612670262	0	0	0	0	0	0	0
"2a271"	0	0	0	0	0	0	0	0	0	0.008533105022831	0	0	0	0	0	0	0	0.005888575458392	0.01750617058232	0	0	0	0	0	0	0
"976a1"	0	0.018214936247723	0.052738336713996	0	0	0	0	0	0	0.012300228310502	0	0	0.009114997350291	0	0.002576963784455	0	0	0.019605077574048	0.059466130359265	0	0.12829641350211	0	0	0	0.004909983633388	0
"5770f"	0	0	0	0	0	0	0	0	0	0	0	0	0.001201201201201	0	0	0	0	0	0.000868452326538	0	0	0	0	0	0	0
"57cb5"	0	0	0	0	0	0	0	0	0	0	0	0	0	0	0	0	0	0	0.001576926592924	0	0	0	0	0	0	0
"baaa2"	0	0	0	0	0	0	0	0.022385924760406	0	0	0	0	0	0	0	0	0	0	0	0	0	0	0	0	0	0
"28b2d"	0	0	0	0	0	0	0	0	0	0	0	0	0	0	0	0	0	0	0.000708474266386	0	0	0	0	0	0	0
"8d26e"	0	0	0	0	0	0	0	0.004577313689029	0	0.009646118721461	0	0	0	0	0	0	0	0	0	0	0	0	0	0	0	0
"d9410"	0	0	0	0	0	0	0	0	0	0	0	0	0.004098215862922	0	0	0	0	0	0.000777036292166	0	0	0	0	0	0	0
"18750"	0	0	0	0.005381165919283	0	0	0	0	0	0	0	0	0	0	0	0	0	0	0	0	0	0	0	0	0	0
"a3ac6"	0	0	0	0	0	0	0	0	0	0	0	0	0.000671259494789	0	0	0	0	0	0	0	0	0	0	0	0	0
"eeded"	0	0	0	0	0	0	0	0	0	0	0	0	0.000565271153506	0	0	0	0	0.00394922425952	0	0	0	0	0	0	0	0
"09181"	0	0	0	0	0	0	0	0	0	0	0	0	0.000883236177354	0	0	0	0	0	0.001622634610111	0	0	0	0	0	0	0
"efb86"	0	0	0	0	0	0	0	0	0	0	0	0	0	0	0	0	0	0	0.000434226163269	0	0	0	0	0	0	0
"7beff"	0	0	0	0	0	0	0	0	0	0.000827625570776	0	0	0	0	0	0	0	0	0	0	0	0	0	0	0	0
"41877"	0	0	0	0	0	0	0	0	0	0	0	0	0	0	0	0	0	0.000669957686883	0	0	0	0	0	0	0	0
"53cc8"	0	0	0	0	0	0	0	0.008439422114147	0	0	0	0	0.001095212859919	0	0	0	0	0	0	0	0	0	0	0	0	0
"4e9ea"	0	0	0	0	0	0	0	0.003862108425118	0	0.00365296803653	0	0	0	0	0	0	0	0	0	0	0	0	0	0	0	0
"a9346"	0	0	0	0	0	0	0.001215189873418	0.014447146330997	0	0.023230593607306	0	0	0.004204204204204	0	0.006672495513322	0	0	0.003878702397743	0.004250845598318	0	0.02914029535865	0	0	0	0	0
"cef8b"	0	0	0	0	0	0	0	0	0	0	0	0	0	0	0	0	0	0	0	0	0.055379746835443	0	0	0	0	0
"ed901"	0	0	0	0	0	0	0.013772151898734	0	0	0	0	0	0	0	0	0	0	0	0	0	0	0	0	0	0	0
"bb148"	0	0	0	0	0	0	0	0	0	0	0	0	0	0	0	0	0	0.003561354019746	0	0	0	0	0	0	0.019639934533552	0
"bc996"	0	0	0	0	0	0	0	0	0	0.000542237442922	0	0	0	0	0	0	0	0	0	0	0	0	0	0	0	0
"0ba5b"	0	0	0.008451656524679	0	0	0	0	0	0.004996326230713	0	0	0	0	0.397595043284903	0	0	0	0	0	0	0	0	0	0	0	0
"ce7fc"	0	0	0	0	0	0	0	0	0	0	0	0	0	0	0	0	0	0.00172778561354	0.00102843038669	0	0.00329641350211	0	0	0	0	0
"4b72d"	0	0	0	0	0	0	0	0	0	0.001141552511416	0	0	0	0	0.000368137683494	0	0	0	0	0	0	0	0	0	0	0
"cbb23"	0	0	0	0	0	0	0	0	0	0	0	0	0.005228758169935	0	0	0	0	0	0	0	0	0	0	0	0	0
"f7c30"	0	0	0	0	0	0	0	0	0	0	0	0	0	0	2.30086052183517E-05	0	0	0.011741889985896	0	0	0	0	0	0	0	0
"a987d"	0	0	0	0	0	0	0	0	0	0.002882420091324	0	0	0	0	0.002254843311398	0	0	0	0	0	0	0	0	0	0	0
"4bad3"	0	0	0	0	0	0	0	0.004434272636247	0	0	0	0	0	0	0	0	0	0	0	0	0	0	0	0	0	0
"8f3e3"	0	0	0	0	0	0	0	0	0	0	0	0	0	0	0	0	0	0	0.000274248103117	0	0	0	0	0	0	0
"8cbe4"	0	0	0.040906017579446	0	0	0	0	0	0.025606171932403	0	0	0	0	0	0	0	0	0.048977433004231	0	0	0	0	0	0	0	0
"62020"	0	0	0	0	0	0	0	0.006079244743241	0	0	0	0	0	0	0	0	0	0	0.002993875125697	0	0	0	0	0	0	0
"149d0"	0	0	0	0	0	0	0	0.005364039479331	0	0.003595890410959	0	0	0.003850909733263	0	0.003451290782753	0	0	0	0.000799890300759	0	0.027558016877637	0	0	0	0	0
"43215"	0	0	0.014198782961461	0	0	0	0	0	0.002608376193975	0	0	0	0	0	0	0	0	0	0	0	0	0	0	0	0	0
"21e35"	0	0	0	0	0	0	0	0	0	0	0	0	0	0	0.000161060236528	0	0	0	0	0	0	0	0	0	0	0
"ed9de"	0	0	0	0	0	0	0	0	0	0.000542237442922	0	0	0	0	0	0	0	0.001057827926657	0	0	0.016350210970464	0	0	0	0	0
"e5162"	0	0	0	0	0	0	0	0	0.004114621601763	0	0	0	0	0	0	0	0	0.004583921015515	0	0	0	0	0	0	0.026186579378069	0
"1776a"	0	0	0	0	0	0	0	0	0	0.000485159817352	0	0	0	0	0	0	0	0.013152327221439	0	0	0.001714135021097	0	0	0	0	0
"42a62"	0	0	0	0	0	0	0.001518987341772	0	0	0	0	0	0	0	0	0	0	0	0	0	0	0	0	0	0	0
"854c8"	0	0	0	0	0	0	0	0	0	0	0	0	0	0	0	0	0	0.00074047954866	0	0	0	0	0	0	0	0
"86bf8"	0	0	0	0	0	0	0	0	0	0.023801369863014	0	0	0	0	0	0	0	0	0	0	0	0	0	0	0	0
"167bd"	0	0	0	0	0	0	0	0.003504505793163	0	0	0	0	0	0	0	0	0	0	0	0	0.003032700421941	0	0	0	0	0
"a3487"	0	0	0	0	0.096309615250332	0	0	0	0	0	0	0	0	0	0	0.019723559558938	0	0	0	0	0	0.030827474310438	0	0	0	0
"6899f"	0	0	0	0	0	0	0	0.010799599485052	0	0	0	0	0	0	0	0	0	0	0	0	0	0	0	0	0	0
"5aa63"	0	0	0	0	0	0	0	0.020454870547847	0	0	0	0	0.014061119943473	0	0	0	0	0	0.002011152756193	0	0	0	0	0	0	0
"dac9c"	0	0	0	0	0	0	0	0	0	0	0	0	0	0	0	0	0	0	0	0.002170811883644	0	0	0	0	0	0.288346613545817
"11fe3"	0	0	0	0	0	0	0	0	0	0.001141552511416	0	0	0	0	0.002024757259215	0	0	0	0	0	0	0	0	0	0	0
"4ab4e"	0	0	0	0	0	0	0.001215189873418	0	0	0	0	0	0	0	0	0	0	0	0	0	0	0	0	0	0	0
"084fa"	0	0	0	0	0	0	0	0	0	0	0	0	0	0	0.000598223735677	0	0	0.011777150916784	0	0.00111641754016	0	0	0	0	0	0.022410358565737
"4692f"	0	0	0	0	0	0	0	0	0	0	0	0	0	0	0	0	0	0	0	0.001240463933511	0	0	0	0	0	0
"d6425"	0	0	0	0	0	0	0	0	0	0	0	0	0	0	0	0	0	0	0.000411372154676	0	0	0	0	0	0	0
"36256"	0	0	0	0	0	0	0	0	0	0	0	0	0	0	0	0	0	0	0	0.003721391800533	0.003164556962025	0	0	0	0	0
"14074"	0	0	0	0	0	0	0	0	0	0	0	0	0	0	0	0	0	0	0.00036566413749	0	0	0	0	0	0	0
"718aa"	0	0	0	0	0	0	0	0	0	0.003624429223744	0	0	0	0	0.001932722838342	0	0	0	0	0	0	0	0	0	0	0
"5164f"	0	0	0	0	0	0	0	0	0.000367376928729	0	0	0	0	0	0	0	0	0	0	0	0	0	0	0	0	0
"931b9"	0	0	0	0	0	0	0	0	0	0	0	0	0	0	0	0	0	0	0.000891306335131	0	0	0	0	0	0	0
"8f23e"	0	0	0	0.002690582959641	0	0	0	0	0	0	0	0	0	0	0	0	0	0	0	0	0	0	0	0	0	0
"78887"	0	0	0	0	0	0	0	0	0	0	0	0	0	0	0.000483180709585	0	0	0	0	0	0	0	0	0	0	0
"0d192"	0	0	0	0	0	0	0	0	0	0	0	0	0	0	0	0	0	0	0.000457080171862	0	0	0	0	0	0	0
"755ca"	0	0	0	0	0	0	0	0.004362752109856	0	0	0	0	0	0	0	0	0	0	0	0	0	0	0	0	0	0
"f41ed"	0	0	0.116632860040568	0	0	0	0	0	0.00191036002939	0	0	0	0	0	0	0	0	0	0	0	0	0	0	0	0	0
"83414"	0	0.054644808743169	0.035835023664638	0.02152466367713	0	0	0	0	0.012013225569434	0.005536529680365	0	0	0.098392510157216	0	0.129055266669734	0	0	0	0.002399670902276	0	0.003691983122363	0	0	0	0.020458265139116	0
"281de"	0	0	0	0	0	0	0	0	0	0.001655251141553	0	0	0	0	0	0	0	0	0	0	0	0	0	0	0	0
"bb5ba"	0	0	0	0	0	0	0.003139240506329	0	0	0	0	0	0	0	0	0	0	0	0	0	0	0	0	0	0	0
"07b16"	0	0	0	0	0	0	0	0	0	0	0	0	0	0	0	0	0	0	0	0	0.003691983122363	0	0	0	0	0
"e21c9"	0	0.020036429872496	0	0	0	0	0	0.005006436847375	0	0	0	0	0.000777247836071	0	0	0	0	0	0.001051284395283	0	0	0	0	0	0	0
"52151"	0	0	0	0	0.065253823057049	0	0.801417721518987	0	0	0	0	0	0	0	0	0.004892063985091	0	0	0	0	0	0	0	0	0	0
"73c76"	0	0	0	0	0	0	0	0.004720354741811	0	0	0	0	0.000953895071542	0	0	0	0	0	0	0	0	0	0	0	0	0
"91774"	0	0	0.010141987829615	0	0	0	0	0	0	0	0	0	0	0.02417909803329	0	0	0	0	0	0	0	0	0	0	0	0
"0008a"	0	0	0.023664638269101	0.040807174887892	0	0	0	0	0.011278471711977	0.020291095890411	0	0	0	0.005634593380972	0.280267820164742	0	0	0.019781382228491	0	0	0	0	0	0	0	0
"e96b2"	0	0	0	0	0	0	0	0.013374338435131	0	0	0	0	0	0	0	0	0	0	0.008730231282567	0	0	0	0	0	0	0
"6ec97"	0	0	0.141987829614604	0	0	0	0	0	0.000955180014695	0	0	0	0	0.000561300490059	0	0	0	0	0	0	0	0	0	0	0	0
"f8615"	0	0	0	0	0	0	0	0.007724216850236	0	0	0	0	0	0	0	0	0	0	0	0	0	0	0	0	0	0
"192ca"	0	0	0	0	0	0	0	0.002860821055643	0	0	0	0	0	0	0	0	0	0	0.004799341804553	0	0	0	0	0	0	0
"dfdf2"	0	0	0	0	0	0	0	0.010084394221142	0	0	0	0	0	0	0	0	0	0	0	0	0	0	0	0	0	0
"c8e05"	0	0	0	0	0	0	0	0	0	0	0	0	0	0	0	0	0	0.001798307475317	0	0	0	0	0	0	0	0
"c1c9b"	0	0	0	0.03542600896861	0	0	0	0.007867257903018	0	0.009132420091324	0	0.189287771165291	0	0	0	0	0	0.008603667136812	0	0	0	0	0	0	0.022094926350246	0
"c2630"	0	0	0	0	0	0	0	0	0	0	0	0	0	0	0.000230086052184	0	0	0	0	0	0	0	0	0	0	0
"a1ec0"	0	0	0.026369168356998	0	0	0	0	0	0	0	0	0	0	0	0	0	0	0	0	0	0	0	0	0	0	0
"ca6dd"	0	0	0	0	0	0	0	0	0	0.00513698630137	0	0	0	0	0.003727394045373	0	0	0	0	0	0	0	0	0	0	0
"59e26"	0	0	0	0	0	0	0	0.013588900014304	0	0.001312785388128	0	0	0	0	0.00181767981225	0	0	0.000705218617772	0	0	0	0	0	0	0	0
"cb24e"	0	0	0	0	0	0	0	0	0	0	0	0	0	0	0	0	0	0.008215796897038	0	0	0	0	0	0	0	0
"0e02d"	0	0	0	0	0	0	0	0	0	0	0	0	0	0	0	0	0	0.002115655853315	0	0	0	0	0	0	0	0
"3ff55"	0	0	0	0	0	0	0	0	0	0.000599315068493	0	0	0	0	0	0	0	0.0225317348378	0	0	0	0	0	0	0	0
"93c4e"	0	0	0	0	0	0	0	0.002431697897297	0	0	0	0	0	0	0	0	0	0	0	0	0	0	0	0	0	0
"5bb9d"	0	0	0	0	0	0	0	0	0	0	0	0	0	0	0	0	0	0	0	0	0	0	0	0	0	0.019173306772908
"05226"	0	0	0	0	0	0	0	0	0.001800146950772	0.003909817351598	0	0	0.011694046988165	0	0	0	0	0.037165021156559	0.003496663314745	0	0	0	0	0	0	0
"27ffb"	0	0	0	0.038565022421525	0	0	0	0	0	0.029309360730594	0	0	0.001201201201201	0	0.003129170309696	0	0	0.000528913963329	0.001805466678855	0	0.008175105485232	0	0	0	0	0.042828685258964
"b750d"	0	0.021857923497268	0.003718728870859	0	0	0	0	0.002431697897297	0.001028655400441	0	0	0	0.003603603603604	0	0	0	0	0.00074047954866	0	0	0	0	0	0	0.02291325695581	0.012201195219124
"05531"	0	0	0	0	0	0	0	0	0	0.000285388127854	0	0	0	0	0	0	0	0	0	0	0	0	0	0	0	0
"6fccb"	0	0	0	0	0	0	0	0	0	0	0	0	0	0	0	0	0	0	0.104648505347838	0	0	0	0	0	0	0
"8f024"	0	0	0	0	0	0	0	0.002789300529252	0	0	0	0	0	0	0.007109659012471	0	0	0	0	0	0	0	0	0	0	0
"6766e"	0	0	0	0	0	0	0	0.003146903161207	0	0	0	0	0.003462285815227	0	0	0	0	0	0.001554072584331	0	0	0	0	0	0	0
"d2aee"	0	0	0	0	0	0	0.003544303797468	0	0	0	0	0.063351890957957	0	0	0	0	0	0.004936530324401	0	0	0	0	0	0	0	0
"b6c6d"	0	0	0	0	0	0	0	0	0	0.006364155251142	0	0	0.090196078431373	0	0	0	0	0	0.095872566048085	0	0	0	0	0	0	0
"e39cc"	0	0	0	0	0	0	0	0.002574738950079	0	0.001198630136986	0	0	0	0	0	0	0	0	0	0	0	0	0	0	0	0
"0b2ce"	0	0	0	0	0	0	0	0	0	0	0	0	0	0	0.000184068841747	0	0	0.000423131170663	0	0	0.004483122362869	0	0	0	0	0
"f1ef9"	0	0	0	0	0	0	0	0	0.013262307127113	0	0	0	0	0	0.000437163499149	0	0	0	0	0	0	0	0	0	0	0
"894b4"	0	0.07832422586521	0.004394861392833	0	0	0	0	0.005864683164068	0.002645113886848	0	0	0	0.012895248189366	0	0	0	0	0.026551480959097	0.006924764603712	0.216647025987719	0	0	0	0	0.157937806873977	0
"4afc2"	0	0	0	0	0	0	0	0	0	0	0	0	0	0	0	0	0	0	0.000594204223421	0	0	0	0	0	0	0
"408b6"	0	0	0	0	0	0	0	0	0	0.001255707762557	0	0	0	0	0	0	0	0.004090267983075	0	0	0	0	0	0	0	0
"4ae18"	0	0	0	0	0	0	0	0	0	0	0	0	0	0	0	0	0	0.000705218617772	0	0	0	0	0	0	0	0
"cef0f"	0	0	0	0	0	0	0	0	0	0.003567351598174	0	0	0	0	0.004118540334085	0	0	0	0.006833348569339	0	0.006197257383966	0	0	0	0	0
"b366c"	0	0	0	0	0	0	0	0	0	0	0	0	0	0	0.006534443882012	0	0	0	0	0	0.014899789029536	0	0	0	0	0
"dd358"	0	0	0	0.00762331838565	0	0	0	0	0.006686260102866	0.000656392694064	0	0	0.016286875110405	0	0.002047765864433	0	0	0	0.000982722369504	0	0	0	0	0	0	0
"6c100"	0	0	0	0	0	0	0	0.029681018452296	0	0.001626712328767	0	0	0.005087440381558	0	0.000460172104367	0	0	0.001410437235543	0.003862327452235	0	0	0	0	0	0	0
"bcfe5"	0	0	0	0	0	0	0.005164556962025	0	0.045701689933872	0.002939497716895	0	0	0	0	0	0	0	0	0	0	0	0	0	0	0	0
"25de8"	0	0.020036429872496	0.066937119675456	0	0	0	0	0	0.006318883174137	0.002739726027397	0	0.081397581109618	0	0.007188963968826	0	0	0	0.015620592383639	0	0	0	0	0	0	0.072831423895254	0
"56898"	0	0	0	0	0	0	0	0	0	0	0	0	0	0.018868331858121	0	0	0	0	0	0	0	0	0	0	0	0
"4d373"	0	0	0	0	0.000279310104043	0	0	0	0	0	0	0	0	0	0	0	0	0	0	0	0	0.011357490535425	0	0	0	0
"45e96"	0	0.007285974499089	0	0	0	0	0	0.00929766843084	0	0	0	0	0.002437731849497	0	0.001173438866136	0	0	0.002926657263752	0.000868452326538	0	0.005142405063291	0	0	0	0	0
"eb791"	0	0	0	0	0	0	0	0.01795165212416	0	0	0	0	0.002225755166932	0	0	0	0	0	0	0	0	0	0	0	0	0
"a0646"	0	0	0	0	0.094319530759025	0	0	0	0	0	0	0	0	0	0	0	0	0	0	0	0	0.052731206057328	0	0	0	0
"d1ac7"	0	0	0	0.017040358744395	0	0	0	0.039550851094264	0	0.042751141552512	0	0	0.02066772655008	0	0.007753899958585	0	0	0.025564174894217	0.017597586616693	0	0.029404008438819	0	0	0	0	0
"660fc"	0	0	0	0	0	0	0	0	0	0.00148401826484	0	0	0.000282635576753	0	0	0	0	0	0.000891306335131	0	0	0	0	0	0	0
"c8b0c"	0	0	0	0	0	0	0	0	0	0	0	0	0	0	0	0	0	0	0.00205686077338	0	0	0	0	0	0	0.020418326693227
"34b4e"	0	0	0	0	0	0	0	0.008224860534974	0	0	0	0	0.011623388093976	0	0	0	0	0.003032440056417	0	0	0	0	0	0	0	0
"cb56d"	0	0	0	0	0	0	0	0.009655271062795	0	0	0	0	0	0	0	0	0	0	0	0	0	0	0	0	0	0
"53521"	0	0	0	0	0	0	0	0	0	0.002625570776256	0	0	0.001731142907614	0	0.002553955179237	0	0	0	0	0	0.017405063291139	0	0	0	0	0
"4ae15"	0	0	0	0	0	0	0	0	0	0	0	0	0	0	0.004302609175832	0	0	0	0	0	0	0	0	0	0	0
"dde8d"	0	0	0	0	0	0	0	0.003003862108425	0.005584129316679	0	0	0	0	0	0	0	0	0.001375176304654	0.003108145168663	0	0	0	0	0	0	0
"7ac9b"	0	0	0	0	0	0	0	0	0	0.012585616438356	0	0	0	0	0	0	0	0	0	0	0	0	0	0	0	0
"f272b"	0	0	0	0	0	0	0	0	0.034423218221896	0	0	0	0	0	0	0	0	0	0	0	0	0	0	0	0	0
"8dfd0"	0	0	0	0	0	0	0	0	0	0.008818493150685	0	0	0	0	0	0	0	0	0	0	0	0	0	0	0	0
"9a56c"	0	0	0	0.004035874439462	0	0	0	0	0	0.016666666666667	0	0	0	0	0.000483180709585	0	0	0	0	0	0.003955696202532	0	0	0	0	0
"22afc"	0	0	0	0	0	0	0	0.003719067372336	0	0	0	0	0	0	0	0	0	0	0	0	0	0	0	0	0	0
"14c1f"	0	0	0	0	0	0	0	0	0	0	0	0	0	0	0.000460172104367	0	0	0	0	0	0	0	0	0	0	0
"bc7d7"	0	0	0	0	0	0	0	0	0	0	0	0	0	0	0	0	0	0	0	0	0	0	0	0	0.004909983633388	0
"49ae4"	0	0	0	0	0	0	0	0	0	0.001655251141553	0	0	0.053029500088324	0	0	0	0	0	0.003816619435049	0	0	0	0	0	0	0
"076bc"	0	0	0	0	0	0	0	0.030467744242598	0	0	0	0	0.00272036742625	0	0	0	0	0	0.002193984824938	0	0	0	0	0	0	0
"6856e"	0	0	0	0	0	0	0	0	0	0	0	0	0	0	0	0	0	0	0.00036566413749	0	0	0	0	0	0	0
"06761"	0	0	0	0	0	0	0	0	0	0.000998858447489	0	0	0	0	0	0	0	0	0	0	0	0	0	0	0	0
"7a3e1"	0	0	0	0	0	0	0	0	0	0	0	0	0	0	0	0	0	0	0	0.013459033678596	0	0	0	0	0	0
"94bb9"	0	0	0.019607843137255	0	0	0	0	0	0.002130786186627	0	0	0	0	0	0	0	0	0.001163610719323	0	0	0	0	0	0	0	0
"265f3"	0	0	0.033130493576741	0	0	0	0	0	0.442468772961058	0	0	0.03532347859474	0	0.015284644113901	0	0	0	0.001093088857546	0	0	0	0	0	0	0	0
"a1b53"	0	0	0.014874915483435	0	0	0	0	0	0.007898603967671	0	0	0	0	0.056281168368559	0	0	0	0	0	0.070334305030081	0	0	0	0	0	0
"0f550"	0	0	0	0	0	0	0	0.06987555428408	0.009294636296841	0.032334474885845	0	0	0.002649708532061	0	0.046086236252358	0	0	0.009555712270804	0.111641831977329	0	0	0	0	0	0	0
"9a565"	0	0	0	0	0	0	0	0	0	0	0	0	0	0	0.000759283972206	0	0	0	0	0	0.002373417721519	0	0	0	0	0
"e137b"	0	0	0	0	0	0	0	0	0	0	0	0	0.006641936053701	0	0	0	0	0	0	0	0	0	0	0	0	0
"6ecf5"	0	0	0	0	0	0	0	0	0.019360764144012	0	0	0	0	0.002914444852227	0	0	0	0	0	0.019971469329529	0	0	0	0	0	0
"eba37"	0	0	0	0	0.001518748690734	0	0	0	0	0	0	0	0	0	0	0.006600403789408	0	0	0	0	0	0	0	0	0	0
"1af64"	0	0	0	0	0	0	0	0	0	0	0	0	0	0.001575959068241	0	0	0	0	0	0.00614029647088	0	0	0	0	0	0
"d64ea"	0	0	0	0	0	0	0	0	0	0	0	0	0	0	0	0	0	0	0.007358990766981	0	0	0	0	0	0	0
"6c5ff"	0	0	0	0	0	0	0	0	0	0.003253424657534	0	0	0	0	0.00027610326262	0	0	0.000317348377997	0	0	0	0	0	0	0	0
"3da28"	0	0	0	0	0	0	0	0	0	0	0	0	0.000317965023847	0	0	0	0	0	0	0	0	0	0	0	0	0
"ff207"	0	0	0	0	0	0	0	0	0	0	0	0	0	0	0	0	0	0	0	0.003845438193885	0	0	0	0	0	0
"01ca4"	0	0	0	0	0	0	0.016810126582279	0	0	0.001170091324201	0	0	0	0	0	0	0	0	0	0	0	0	0	0	0	0
"4b6fa"	0	0	0	0	0	0	0	0	0	0	0	0.030524092916107	0	0	0	0	0	0	0	0	0	0	0	0	0	0
"1fada"	0	0	0	0	0	0	0	0.017164926333858	0	0.001084474885845	0	0	0.018088676912206	0.018868331858121	2.30086052183517E-05	0	0	0.00892101551481	0.004593655727215	0	0	0	0	0	0	0
"cb0ec"	0	0	0	0	0	0	0	0	0	0.009189497716895	0	0	0	0	0	0	0	0.002362482369535	0.00139409452418	0	0	0	0	0	0	0
"25f8b"	0	0	0	0	0	0	0	0	0	0	0	0	0	0	0	0	0	0	0	0.003163183030453	0	0	0	0	0	0
"9cf7c"	0	0	0	0	0	0	0	0	0.001432770022043	0	0	0	0	0	0	0	0	0	0	0	0	0	0	0	0	0
"233fe"	0	0	0	0	0	0	0	0	0	0	0	0	0	0	0	0	0	0	0	0.009923711468089	0	0	0	0	0.010638297872341	0
"6a884"	0	0	0	0	0	0	0	0	0	0	0	0	0	0	0	0	0	0	0.001188408446842	0	0	0	0	0	0	0
"a8a22"	0	0	0	0	0	0	0	0	0	0.000770547945205	0	0	0	0	0	0	0	0.001410437235543	0	0	0.001977848101266	0	0	0	0	0
"f8973"	0	0	0	0	0	0	0	0	0	0	0	0	0	0	0	0	0	0.005359661495063	0	0	0	0	0	0	0	0
"a7f78"	0	0	0	0	0	0	0	0	0.002204261572373	0	0	0	0	0	0	0	0	0	0	0	0	0	0	0	0	0
"2f099"	0	0	0	0	0	0	0	0	0	0	0	0	0	0	0	0	0	0.009873060648801	0	0	0	0	0	0	0	0
"bad85"	0	0	0	0	0	0	0	0	0	0	0	0	0	0.001424839705533	0	0	0	0	0	0	0	0	0	0	0	0
"facd4"	0	0	0	0	0	0	0	0	0	0	0	0	0.004946122593181	0	0	0	0	0	0	0	0	0	0	0	0	0
"5d270"	0	0	0	0	0	0	0	0	0.000881704628949	0	0	0	0	0.00179184387211	0	0	0	0	0	0	0	0	0	0	0	0
"02987"	0	0	0	0	0	0	0	0	0	0	0	0	0.001413177883766	0	0	0	0	0	0	0	0	0	0	0	0	0
"ca4bc"	0	0	0	0	0.00116961106068	0	0	0	0	0	0	0	0	0	0	0	0	0	0	0	0	0.049215792320173	0.029188128525877	0	0	0
"51189"	0	0	0.007775524002705	0	0	0	0	0.005220998426548	0	0.004480593607306	0	0	0.001801801801802	0	0.024343104321016	0	0	0	0	0	0.007252109704641	0	0	0	0	0
"5a1b0"	0	0	0	0	0	0	0	0	0	0	0	0	0	0	0	0	0	0	0.001942590730414	0	0	0	0	0	0	0
"c7db5"	0	0	0	0	0.001414007401718	0.006324922180277	0	0	0	0	0	0	0	0	0	0	0	0	0	0	0	0	0	0	0	0
"d5e68"	0	0	0	0	0	0	0	0	0	0	0	0	0	0	0	0	0	0	0.000159978060152	0	0	0	0	0	0	0
"c2599"	0	0.081967213114754	0.013522650439486	0	0	0	0	0	0.005804555473916	0.003053652968037	0	0	0	0.007167375488439	0.009111407666467	0	0	0	0	0	0.00751582278481	0	0	0	0	0
"deb9b"	0	0	0	0	0	0	0	0	0	0.000570776255708	0	0	0	0	0	0	0	0	0	0	0	0	0	0	0	0
"30a35"	0	0.065573770491803	0.022312373225152	0	0	0	0	0	0	0	0	0	0	0	0	0	0	0	0	0	0	0	0	0	0	0
"9d7c0"	0	0	0	0	0	0	0	0.001859533686168	0	0.036215753424658	0	0	0.001413177883766	0	0.000322120473057	0	0	0	0.003290977237407	0	0	0	0	0	0	0
"6c3d5"	0	0	0	0	0	0	0	0.013517379487913	0	0	0	0	0	0	0	0	0	0	0	0	0	0	0	0	0	0
"46f5e"	0	0	0	0	0	0	0	0.003576026319554	0	0	0	0	0.002897014661721	0	0	0	0	0	0.002811043056952	0	0	0	0	0	0	0
"cae57"	0	0	0	0	0	0	0	0	0	0	0	0	0	0	0	0	0	0.002503526093089	0	0	0	0	0	0	0	0
"e7b66"	0	0	0	0	0	0	0	0	0	0	0	0	0	0	0	0	0	0.167771509167842	0	0	0	0	0	0	0	0
"a609b"	0.37037037037037	0	0	0	0.001850429439285	0	0	0	0	0	0	0	0	0	0	0.016306879950303	0	0	0	0	0	0	0.062545989698308	0	0	0
"8933a"	0	0	0.026707234617985	0	0	0	0	0	0	0	0	0	0	0	0	0	0	0	0	0.090926006326366	0	0	0	0	0	0
"8ff4c"	0	0	0	0	0	0	0	0	0	0	0	0	0.002155096272743	0	0	0	0	0	0.00139409452418	0	0	0	0	0	0	0
"a29d8"	0	0	0	0	0.007820682913204	0	0	0	0	0	0	0	0	0	0	0	0	0	0	0	0	0	0	0	0	0
"9c0ee"	0	0	0	0	0	0	0	0	0	0	0	0	0	0	0	0	0	0	0.000754182283573	0	0	0	0	0	0	0
"e3e40"	0	0	0	0	0	0	0	0	0	0	0	0	0	0	0.001012378629607	0	0	0	0	0	0	0	0	0	0	0
"3685d"	0	0.182149362477231	0	0.005829596412556	0	0	0	0	0	0	0	0	0	0	0	0	0	0	0	0	0	0	0	0	0	0
"2981a"	0	0	0	0	0	0	0	0	0	0.002454337899543	0	0	0	0	0.004624729648889	0	0	0	0	0	0.006329113924051	0	0	0	0	0
"60084"	0	0	0	0	0	0	0	0	0	0	0	0	0	0	0	0	0	0.001198871650212	0	0	0	0	0	0	0	0
"b6a5f"	0	0	0	0	0	0	0	0	0	0	0	0	0	0	0	0	0	0	0	0	0	0	0	0	0	0.018426294820717
"aaf1d"	0	0	0	0	0	0	0	0	0	0	0	0.02380495296602	0	0	0	0	0	0	0	0	0	0	0	0	0	0
"ab1ee"	0	0.012750455373406	0	0	0	0	0	0	0	0	0	0	0.001625154566331	0	0	0	0	0.000387870239774	0.000891306335131	0	0	0	0	0	0	0
"c41bf"	0	0	0	0	0	0	0	0	0	0	0	0	0.003674262497792	0	0	0	0	0	0	0	0.006856540084388	0	0	0	0	0
"422bd"	0	0	0	0	0	0	0	0	0.001689933872153	0	0	0	0	0	0.002415903547927	0	0	0	0	0	0.034678270042194	0	0	0	0	0
"849c0"	0.04320987654321	0	0	0	0	0	0	0	0	0	0	0	0	0	0	0	0	0	0	0	0	0	0	0	0	0
"5bac1"	0	0	0	0	0	0	0	0	0	0	0	0	0	0	0	0	0	0.0012341325811	0	0	0	0	0	0	0.009819967266776	0
"c52f7"	0	0	0	0	0	0	0	0	0	0	0	0	0	0	0	0	0	0	0	0	0.002768987341772	0	0	0	0	0
"0c3ef"	0	0	0	0	0	0	0	0	0	0	0	0	0	0	0.000184068841747	0	0	0	0	0	0.000922995780591	0	0	0	0	0
"8d6e5"	0	0	0	0	0	0	0	0.004863395794593	0	0	0	0	0	0	0.001794671207031	0	0	0	0	0	0	0	0	0	0	0
"6f419"	0	0	0	0	0	0	0	0	0	0	0	0.053945095027837	0	0	0	0	0	0	0	0	0	0	0	0	0	0
"c80c7"	0	0	0	0	0	0	0	0	0	0.000542237442922	0	0	0	0	0	0	0	0	0	0	0	0	0	0	0	0
"60307"	0	0	0	0	0	0	0	0	0	0	0	0	0	0	0	0	0	0.004548660084626	0	0	0	0	0	0	0	0
"c0e80"	0	0	0	0	0.219590112422317	0	0	0	0	0	0	0	0	0	0	0.025314489827613	0	0	0	0	0	0	0	0	0	0
"08fec"	0	0	0	0	0	0	0	0	0	0	0	0	0	0	0	0	0	0	0.000594204223421	0	0	0	0	0	0	0
"05800"	0	0.030965391621129	0.001690331304936	0	0	0	0	0	0	0	0	0	0.000600600600601	0	0	0	0	0	0	0	0	0	0	0	0	0
"5b3f6"	0	0	0	0	0	0	0	0.010155914747533	0	0	0	0	0.059777424483307	0	0	0	0	0	0.001668342627297	0	0	0	0	0	0	0
"adf59"	0	0	0	0	0	0	0	0	0	0.000770547945205	0	0	0	0	0	0	0	0	0	0	0	0	0	0	0	0
"03b2c"	0	0	0	0	0	0	0	0	0	0	0	0	0	0	0.005821177120243	0	0	0	0	0	0	0	0	0	0	0
"eabaa"	0	0	0	0	0	0	0	0	0	0.001398401826484	0	0	0	0.002914444852227	0	0	0	0	0	0	0	0	0	0	0	0
"8f396"	0	0	0	0	0	0	0	0	0	0.003624429223744	0	0	0	0	0	0	0	0	0	0	0	0	0	0	0	0
